Name	AppID	Genre	Tags	Votes_total	Positive_rating	Played_time (h)	Time_to_finish (h)	Time_to_complete (h)	100% Completed	Developer	Publisher	Release date	Removed game	Minimum requirements	Recommended requirements
Counter-Strike: Global Offensive	730	Action, Free to Play	FPS, Shooter, Multiplayer, Competitive, Action, Team-Based, e-sports, Tactical, First-Person, PvP, Online Co-Op, Co-op, Strategy, Military, War, Difficult, Trading, Realistic, Fast-Paced, Moddable	6875316	88.4	640	55	773	NA	Valve, Hidden Path Entertainment	Valve	21-Aug-2012	NA	OS: Windows® 7\/Vista\/XPProcessor: Intel® Core™ 2 Duo E6600 or AMD Phenom™ X3 8750 processor or betterMemory: 2 GB RAMGraphics: Video card must be 256 MB or more and should be a DirectX 9-compatible with support for Pixel Shader 3.0DirectX: Version 9.0cStorage: 15 GB available space	NA
Sid Meier's Civilization VI	289070	Strategy	Strategy, Turn-Based Strategy, Multiplayer, Historical, Singleplayer, Turn-Based, Grand Strategy, 4X, War, Simulation, City Builder, Tactical, Building, Management, Great Soundtrack, Moddable, Online Co-Op, Co-op, Hex Grid, Atmospheric	251165	84.5	233	22	293	NA	Firaxis Games, Aspyr (Mac), Aspyr (Linux)	2K, Aspyr (Mac), Aspyr (Linux)	20-Oct-2016	NA	Requires a 64-bit processor and operating systemOS: Windows 7x64 \/ Windows 8.1x64 \/ Windows 10x64Processor: Intel Core i3 2.5 Ghz or AMD Phenom II 2.6 Ghz or greaterMemory: 4 GB RAMGraphics: 1 GB &amp; AMD 5570 or nVidia 450 or Intel Integrated Graphics 530DirectX: Version 11Storage: 12 GB available spaceSound Card: DirectX Compatible Sound DeviceAdditional Notes: Initial installation requires one-time Internet connection for Steam authentication; software installations required (included with the game) include Steam Client, Microsoft Visual C++ 2012 and 2015 Runtime Libraries, and Microsoft DirectX. Internet connection and acceptance of Steam™ Subscriber Agreement required for activation. See www.steampowered.com\/agreement for details. 	Requires a 64-bit processor and operating systemOS: Windows 7x64 \/ Windows 8.1x64 \/ Windows 10x64Processor: Fourth Generation Intel Core i5 2.5 Ghz or AMD FX8350 4.0 Ghz or greaterMemory: 8 GB RAMGraphics: 2GB &amp; AMD 7970 or nVidia 770 or greaterDirectX: Version 11Storage: 12 GB available spaceSound Card: DirectX Compatible Sound Device
The Elder Scrolls V: Skyrim	72850	RPG	Open World, RPG, Fantasy, Adventure, Dragons, Moddable, First-Person, Action, Medieval, Singleplayer, Magic, Story Rich, Great Soundtrack, Sandbox, Lore-Rich, Atmospheric, Character Customization, Action RPG, Third Person, Epic	312145	94.9	159	34	232	NA	Bethesda Game Studios	Bethesda Softworks	10-Nov-2011	NA	\t\t\t\t\t\t\t\tOS: Windows 7\/Vista\/XP PC (32 or 64 bit)\t\t\t\t\t\t\t\tProcessor: Dual Core 2.0GHz or equivalent processor\t\t\t\t\t\t\t\tMemory: 2GB System RAM\t\t\t\t\t\t\t\tHard Disk Space: 6GB free HDD Space\t\t\t\t\t\t\t\tVideo Card: Direct X 9.0c compliant video card with 512 MB of RAM\t\t\t\t\t\t\t\tSound: DirectX compatible sound card\t\t\t\t\t\t\t\t 	\t\t\t\t\t\t\t\tProcessor: Quad-core Intel or AMD CPU\t\t\t\t\t\t\t\tMemory: 4GB System RAM\t\t\t\t\t\t\t\tVideo Card: DirectX 9.0c compatible NVIDIA or AMD ATI video card with 1GB of RAM (Nvidia GeForce GTX 260 or higher; ATI Radeon 4890 or higher)\t\t\t\t\t\t\t\t
Sid Meier's Civilization V	8930	Strategy	Turn-Based Strategy, Strategy, Turn-Based, Multiplayer, Historical, 4X, Addictive, Singleplayer, Hex Grid, Grand Strategy, Replay Value, Co-op, Economy, Tactical, Diplomacy, Moddable, Simulation, Classic, Great Soundtrack, Touch-Friendly	189663	96.2	154	40	403	NA	Firaxis Games, Aspyr (Mac), Aspyr (Linux)	2K, Aspyr (Mac), Aspyr (Linux)	23-Sep-2010	NA	\t\t\t\t\tOS: Windows® Vista SP2\/ Windows® 7 \t\t\t\t\t\tProcessor: Intel Core 2 Duo 1.8 GHz or AMD Athlon X2 64 2.0 GHz\t\t\t\t\t\tMemory: 2GB RAM \t\t\t\t\t\tGraphics:256 MB ATI HD2600 XT or better, 256 MB nVidia 7900 GS or better, or Core i3 or better integrated graphics \t\t\t\t\t\tDirectX®: DirectX® version 9.0c \t\t\t\t\t\tHard Drive: 8 GB Free \t\t\t\t\t\tSound: DirectX 9.0c-compatible sound card \t\t\t\t\t\tNote: Optimized for the touch-screen Ultrabook™ device\t\t\t\t\t 	\t\t\t\t\tOS: Windows® Vista SP2\/ Windows® 7 \t\t\t\t\t\tProcessor: 1.8 GHz Quad Core CPU \t\t\t\t\t\tMemory: 4 GB RAM \t\t\t\t\t\tGraphics: 512 MB ATI 4800 series or better, 512 MB nVidia 9800 series or better\t\t\t\t\t\tDirectX®: DirectX® version 11\t\t\t\t\t\tHard Drive: 8 GB Free \t\t\t\t\t\tSound: DirectX 9.0c-compatible sound card \t\t\t\t\t\tNote: Optimized for the touch-screen Ultrabook™ device\t\t\t\t\t
Left 4 Dead 2	550	Action	Zombies, Co-op, FPS, Multiplayer, Shooter, Action, Online Co-Op, Survival, Horror, First-Person, Gore, Team-Based, Moddable, Survival Horror, Post-apocalyptic, Singleplayer, Adventure, Local Co-Op, Replay Value, Tactical	699958	97.5	118	10	53	NA	Valve	Valve	16-Nov-2009	NA	OS: Windows® 7 32\/64-bit \/ Vista 32\/64 \/ XPProcessor: Pentium 4 3.0GHzMemory: 2 GB RAMGraphics: Video card with 128 MB, Shader model 2.0. ATI X800, NVidia 6600 or betterDirectX: Version 9.0cStorage: 13 GB available spaceSound Card: DirectX 9.0c compatible sound card 	OS: Windows® 7 32\/64-bit \/ Vista 32\/64 \/ XPProcessor: Intel core 2 duo 2.4GHzMemory: 2 GB RAMGraphics: Video Card Shader model 3.0. NVidia 7600, ATI X1600 or betterDirectX: Version 9.0cStorage: 13 GB available spaceSound Card: DirectX 9.0c compatible sound card
Cookie Clicker	1454400	Casual, Indie, Simulation, Strategy	Clicker, Idler, Casual, Indie, Pixel Graphics, Management, Collectathon, Economy, Funny, Memes, Building, Strategy, Resource Management, 2D, Comedy, Simulation, Colorful, Touch-Friendly, Horror, Singleplayer	40309	97.3	117	140	560	NA	Orteil, DashNet	Playsaurus	01-Sep-2021	NA	OS: Microsoft® Windows Server 2008, Windows 7, or Windows 8 ClassicProcessor: 2.33GHz or faster x86-compatible processor, or Intel Atom™ 1.6GHz or faster processor for netbook class devicesMemory: 512 MB RAMStorage: 350 MB available space	NA
Apex Legends	1172470	Action, Adventure, Free to Play	Free to Play, Multiplayer, Battle Royale, Shooter, FPS, First-Person, PvP, Action, Hero Shooter, Team-Based, Tactical, Sci-fi, Survival, Character Customization, Funny, Loot, Lore-Rich, Co-op, Cyberpunk, Cinematic	574043	84	89	35	118	NA	Respawn Entertainment	Electronic Arts	04-Nov-2020	NA	Requires a 64-bit processor and operating systemOS: 64-bit Windows 7Processor: AMD FX 4350 or Equivalent, Intel Core i3 6300 or EquivalentMemory: 6 GB RAMGraphics: AMD Radeon™ HD 7730, NVIDIA GeForce® GT 640DirectX: Version 11Network: Broadband Internet connectionStorage: 56 GB available spaceAdditional Notes: ~3.8GB for 1 localized language 	Requires a 64-bit processor and operating systemOS: 64-bit Windows 7Processor: Ryzen 5 CPU or EquivalentMemory: 8 GB RAMGraphics: AMD Radeon™ R9 290, NVIDIA GeForce® GTX 970DirectX: Version 11Network: Broadband Internet connectionStorage: 56 GB available spaceAdditional Notes: ~3.8GB for 1 localized language
ELDEN RING	1245620	Action, RPG	Souls-like, Dark Fantasy, RPG, Open World, Difficult, Action RPG, Third Person, Fantasy, Multiplayer, Singleplayer, Online Co-Op, Action, PvP, Co-op, Violent, Atmospheric, Great Soundtrack, 3D, Character Customization, Family Friendly	623590	91.5	83	55	133	NA	FromSoftware Inc.	FromSoftware Inc., Bandai Namco Entertainment	24-Feb-2022	NA	Requires a 64-bit processor and operating systemOS: Windows 10Processor: INTEL CORE I5-8400 or AMD RYZEN 3 3300XMemory: 12 GB RAMGraphics: NVIDIA GEFORCE GTX 1060 3 GB or AMD RADEON RX 580 4 GBDirectX: Version 12Storage: 60 GB available spaceSound Card: Windows Compatible Audio DeviceAdditional Notes:  	Requires a 64-bit processor and operating systemOS: Windows 10\/11Processor: INTEL CORE I7-8700K or AMD RYZEN 5 3600XMemory: 16 GB RAMGraphics: NVIDIA GEFORCE GTX 1070 8 GB or AMD RADEON RX VEGA 56 8 GBDirectX: Version 12Storage: 60 GB available spaceSound Card: Windows Compatible Audio DeviceAdditional Notes: 
DiRT Rally 2.0	690790	Racing, Simulation, Sports	Racing, Automobile Sim, Simulation, Multiplayer, Sports, Driving, Realistic, Offroad, VR, Singleplayer, Difficult, First-Person, Open World, Co-op, Controller, 3D Vision, Family Friendly, TrackIR, Action, Adventure	31446	86.5	71	13	161	NA	Codemasters	Codemasters, Electronic Arts	25-Feb-2019	NA	Requires a 64-bit processor and operating systemOS: 64bit versions of Windows® 7, Windows® 8, Windows® 10Processor: AMD FX4300 or Intel Core i3 2130Memory: 8 GB RAMGraphics: AMD HD7750 or NVIDIA GTX650TiDirectX: Version 11Network: Broadband Internet connectionStorage: 100 GB available spaceSound Card: DirectX® Compatible soundcardVR Support: SteamVR or Oculus PC 	Requires a 64-bit processor and operating systemOS: 64bit versions of Windows® 7, Windows® 8, Windows® 10Processor: AMD Ryzen 5 2600X or Intel Core i5 8600KMemory: 8 GB RAMGraphics: AMD RX Vega 56 or NVIDIA GTX 1070DirectX: Version 11Network: Broadband Internet connectionStorage: 100 GB available spaceSound Card: DirectX® Compatible soundcard
Life is Feudal: Your Own	290080	Action, Indie, RPG, Simulation	Open World Survival Craft, Medieval, Open World, Survival, Crafting, Sandbox, Building, Multiplayer, RPG, Simulation, Co-op, MMORPG, Action, Adventure, Massively Multiplayer, Indie, Strategy, Atmospheric, Historical, Singleplayer	11577	66.1	54	0	116	NA	Bitbox Ltd.	Bitbox Ltd.	17-Nov-2015	NA	Requires a 64-bit processor and operating systemOS: Windows 7 (64 bit) (SP1)Processor: Intel® Core™ i5 or AMD Phenom II X4 with at least 2,5 GHzMemory: 4 GB RAMGraphics: GeForce 460\/Radeon HD 5850\/Intel HD 4600 with at least 1024 MB video RAMDirectX: Version 11Network: Broadband Internet connectionStorage: 5 GB available space 	Requires a 64-bit processor and operating systemOS: Windows 7 (64 bit) (SP1), Windows 10 (64 bit)Processor: Intel® Core™ i7 or AMD Phenom II X6 with at least 3,5 GHzMemory: 8 GB RAMGraphics: GeForce 660\/Radeon HD 6970DirectX: Version 11Network: Broadband Internet connectionStorage: 10 GB available space
Z1 Battle Royale	433850	Action, Adventure, Free to Play, Massively Multiplayer	Survival, Massively Multiplayer, Multiplayer, Open World, Battle Royale, PvP, FPS, Action, Shooter, Free to Play, Third-Person Shooter, Zombies, Co-op, Early Access, Online Co-Op, Adventure, First-Person, Violent, Gore, Walking Simulator	207430	55.5	46	69	0	NA	Daybreak Game Company	Daybreak Game Company	28-Feb-2018	NA	OS: Windows 7, 8, 8.1, 10 (64 bit only)Processor: Intel i5 Quad-CoreMemory: 6 GB RAMGraphics: nVidia GeForce GTX 460 series or higherDirectX: Version 10Network: Broadband Internet connectionStorage: 20 GB available spaceSound Card: DirectX Compatible Sound Card 	OS: Windows 7, 8, 8.1, 10 (64 bit only)Processor: Intel Core i5-6600K \/ AMD Ryzen 5 1600Memory: 8 GB RAMGraphics: NVIDIA GeForce GTX 960 2GB \/ AMD Radeon R7 370 2GB or higherDirectX: Version 10Network: Broadband Internet connectionStorage: 20 GB available spaceSound Card: DirectX compatible Sound Card
Crusader Kings III	1158310	RPG, Simulation, Strategy	Strategy, RPG, Grand Strategy, Medieval, Simulation, Historical, War, Political, Management, Character Customization, Singleplayer, Choices Matter, Multiplayer, Sandbox, Moddable, Real-Time with Pause, Sexual Content, PvP, Nudity, Dating Sim	85694	92.4	44	70	716	NA	Paradox Development Studio	Paradox Interactive	01-Sep-2020	NA	Requires a 64-bit processor and operating systemOS: Windows® 8.1 64 bit \/ Windows® 10 Home 64 bitProcessor: Intel® Core™ i3-2120 \/ AMD® FX 6350Memory: 6 GB RAMGraphics: Nvidia® GeForce™ GTX 660 (2GB) \/ AMD® Radeon™ HD 7870 (2GB) \/ Intel® Iris Pro™ 580 \/ Intel® Iris® Plus G7 \/ AMD® Radeon™ Vega 11Storage: 8 GB available space 	Requires a 64-bit processor and operating systemOS: Windows® 10 Home 64 bitProcessor: Intel® Core™ i5-4670K \/ AMD® Ryzen™ 5 2400GMemory: 8 GB RAMGraphics: Nvidia® GeForce™ GTX 1650 (4GB) \/ AMD® Radeon™ R9 390X (8GB)Storage: 8 GB available space
The Elder Scrolls Online	306130	Action, Adventure, Massively Multiplayer, RPG	RPG, MMORPG, Open World, Adventure, Fantasy, Exploration, Multiplayer, Singleplayer, Action, Massively Multiplayer, PvP, Character Customization, PvE, Lore-Rich, Choose Your Own Adventure, Story Rich, Class-Based, Magic, Action RPG, Atmospheric	129232	81.8	42	42	447	NA	ZeniMax Online Studios	Bethesda Softworks	22-May-2017	NA	Requires a 64-bit processor and operating systemOS: Windows 7 64-bitProcessor: Intel® Core i3 540 or AMD A6-3620 or higherMemory: 3 GB RAMGraphics: Direct X 11.0 compliant video card with 1GB RAM (NVidia GeForce 460 or AMD Radeon 6850)DirectX: Version 11Network: Broadband Internet connectionStorage: 85 GB available spaceSound Card: DirectX compatible sound card 	Requires a 64-bit processor and operating systemOS: Windows 7 64-bitProcessor: Intel® Core i5 2300 or AMD FX4350Memory: 8 GB RAMGraphics: Direct X 11.0 compliant video card with 2GB RAM (NVIDIA® GeForce® GTX 750 or AMD Radeon™ HD 7850) or higherDirectX: Version 11Network: Broadband Internet connectionStorage: 85 GB available spaceSound Card: DirectX compatible sound card
Rocksmith® 2014 Edition - Remastered	221680	Casual, Simulation	Music, Education, Simulation, Rhythm, Great Soundtrack, Casual, Local Co-Op, Singleplayer, Rock Music, Difficult, Co-op, Moddable, Multiplayer	20750	90.5	38	NA	NA	NA	Ubisoft - San Francisco	Ubisoft	04-Oct-2016	NA	OS:Windows Vista, Windows 7, Windows 8\tProcessor:2.66 GHz Intel Core2 Duo E6750 or 2.8 GHz AMD Athlon 64 X2 5600+\tMemory:2 GB RAM\tGraphics:256 MB DirectX 9 \/ NVIDIA® GeForce® 8600 GT or ATI Radeon™ HD 2600 XT\tHard Drive:12 GB HD space\tSound:DirectX 9.0c-compliant 	OS:Windows Vista, Windows 7, Windows 8\tProcessor:3.1 GHz Intel Core i3-540 or 3.3 GHz Athlon II X3 455\tMemory:4 GB RAM\tGraphics:512MB Nvidia GT 240 or 512 MB ATI Radeon HD 5670\tHard Drive:12 GB HD space\tSound:DirectX 9.0c-compliant
Just Survive	295110	Action, Adventure, Massively Multiplayer	Zombies, Survival, Open World, Multiplayer, Massively Multiplayer, Crafting, Post-apocalyptic, Action, Survival Horror, Co-op, Shooter, Adventure, Sandbox, Exploration, FPS, Walking Simulator, Horror, Early Access, Simulation, RPG	78875	59	35	0	66	NA	Daybreak Game Company	Daybreak Game Company	15-Jan-2015	X	OS: Windows 7, 8, 8.1, 10 (64 bit only)Processor: Intel i3 Dual-Core with Hyper-Threading (required)Memory: 4 GB RAMGraphics: nVidia GeForce GTX 275 series or higher \/ AMD Radeon HD 4870 X2 series or higherDirectX: Version 10Network: Broadband Internet connectionStorage: 20 GB available spaceSound Card: DirectX Compatible Sound Card 	OS: Windows 7, 8, 8.1, 10 (64 bit only)Processor: Intel i5 Quad Core or higher \/ AMD Phenom II X6 or higherMemory: 8 GB RAMGraphics: nVidia GeForce GTX 960 series or higher \/ AMD Radeon R9 280X series or higherDirectX: Version 10Network: Broadband Internet connectionStorage: 20 GB available spaceSound Card: DirectX compatible Sound Card
God of War	1593500	Action, Adventure, RPG	Action, Singleplayer, Adventure, Story Rich, Mythology, Combat, Third Person, RPG, Violent, Fantasy, Hack and Slash, Exploration, Atmospheric, Gore, Emotional, Action RPG, Open World, Souls-like, 3D, PvE	89183	97.1	32	21	51	NA	Santa Monica Studio	PlayStation PC LLC	14-Jan-2022	NA	Requires a 64-bit processor and operating systemOS: Windows 10 64-bitProcessor: Intel i5-2500k (4 core 3.3 GHz) or AMD Ryzen 3 1200 (4 core 3.1 GHz)Memory: 8 GB RAMGraphics: NVIDIA GTX 960 (4 GB) or AMD R9 290X (4 GB)DirectX: Version 11Storage: 70 GB available spaceAdditional Notes: DirectX feature level 11_1 required 	Requires a 64-bit processor and operating systemOS: Windows 10 64-bitProcessor: Intel i5-6600k (4 core 3.5 GHz) or AMD Ryzen 5 2400 G (4 core 3.6 GHz)Memory: 8 GB RAMGraphics: NVIDIA GTX 1060 (6 GB) or AMD RX 570 (4 GB)DirectX: Version 11Storage: 70 GB available spaceAdditional Notes: DirectX feature level 11_1 required
SYNTHETIK	528230	Action, Indie	Rogue-lite, Top-Down Shooter, Indie, Action Roguelike, Action, Online Co-Op, Difficult, Co-op, Shooter, Rogue-like, Twin Stick Shooter, Isometric, Top-Down, Robots, Cyberpunk, Bullet Hell, Great Soundtrack, Multiplayer, Singleplayer, Tactical	11259	94.6	29	Sin registro de tiempo	Sin registro de tiempo	NA	Flow Fire Games	Flow Fire Games, WhisperGames	15-Mar-2018	NA	OS: Windows XP SP3, Vista or higherProcessor: Intel Celeron G1820 2.7 GHz \/ AMD FX 8320 3.5 GHzMemory: 4 GB RAMGraphics: GeForce GTX 460, Radeon HD 5770, 768 MB VramDirectX: Version 11Storage: 600 MB available space 	OS: Windows XP SP3, Vista or higherProcessor: Intel Core i3-4160 3.6 GHz \/ AMD QC A8-7670K 3.6GHzMemory: 4 GB RAMGraphics: GeForce GTX 560+ Series, Radeon R9 270+DirectX: Version 11Network: Broadband Internet connectionStorage: 600 MB available space
Life is Strange™	319630	Action, Adventure	Story Rich, Choices Matter, Great Soundtrack, Female Protagonist, Time Travel, Atmospheric, Episodic, Singleplayer, Adventure, Time Manipulation, Multiple Endings, Mystery, Third Person, Point & Click, Indie, Walking Simulator, Casual, Action, Memes, LGBTQ+	158883	96.1	25	14	18	NA	DONTNOD Entertainment, Feral Interactive (Mac), Feral Interactive (Linux)	Square Enix, Feral interactive (Mac), Feral Interactive (Linux)	29-Jan-2015	NA	OS: Windows VistaProcessor: Dual Core 2.0GHz or equivalentMemory: 2 GB RAMGraphics: ATI or NVidia card w\/ 512 MB RAM (not recommended for Intel HD Graphics cards)DirectX: Version 9.0Storage: 5 GB available space 	OS: Windows 7Processor: Dual Core 3.0GHz or equivalentMemory: 2 GB RAMGraphics: ATI or NVidia card w\/ 1024 MB RAM (NVIDIA GeForce GTX 260 or ATI HD 4890)DirectX: Version 9.0Storage: 14 GB available space
Fall Guys	1097150	Action, Casual, Indie, Massively Multiplayer, Sports	Multiplayer, Party Game, Family Friendly, Battle Royale, Massively Multiplayer, Platformer, Cute, Funny, PvP, 3D Platformer, Controller, Colorful, Casual, Action, Online Co-Op, Co-op, Comedy, Physics, Indie, Difficult	473406	81.3	24	9	89	NA	Mediatonic	DSQ	03-Aug-2020	X	Requires a 64-bit processor and operating systemOS: Windows 10 64bit onlyProcessor: Intel Core i5 or AMD equivalentMemory: 8 GB RAMGraphics: NVIDIA GTX 660 or AMD Radeon HD 7950Network: Broadband Internet connectionStorage: 2 GB available spaceAdditional Notes: Gamepad Recommended 	Requires a 64-bit processor and operating system
Dota 2	570	Action, Free to Play, Strategy	Free to Play, MOBA, Multiplayer, Strategy, e-sports, Team-Based, Competitive, Action, Online Co-Op, PvP, Difficult, Co-op, RTS, Tower Defense, RPG, Fantasy, Character Customization, Replay Value, Action RPG, Simulation	1915172	82.8	22	692	1641	NA	Valve	Valve	09-Jul-2013	NA	OS: Windows 7 or newerProcessor: Dual core from Intel or AMD at 2.8 GHzMemory: 4 GB RAMGraphics: NVIDIA GeForce 8600\/9600GT, ATI\/AMD Radeon HD2600\/3600DirectX: Version 9.0cNetwork: Broadband Internet connectionStorage: 15 GB available spaceSound Card: DirectX Compatible	NA
Euro Truck Simulator 2	227300	Indie, Simulation	Driving, Transportation, Simulation, Open World, Automobile Sim, Realistic, Moddable, Relaxing, Immersive Sim, Exploration, Economy, Management, Atmospheric, Multiplayer, Controller, Third Person, Family Friendly, Casual, Adventure, Indie	615809	97.4	22	45	422	NA	SCS Software	SCS Software	12-Oct-2012	NA	OS: Windows 7Processor: Dual core CPU 2.4 GHzMemory: 4 GB RAMGraphics: GeForce GTS 450-class (Intel HD 4000)Hard Drive: 12 GB available space 	OS: Windows 7\/8.1\/10 64-bitProcessor: Quad core CPU 3.0 GHzMemory: 6 GB RAMGraphics: GeForce GTX 760-class (2 GB)Hard Drive: 12 GB available space
War of the Roses	42160	Action	Medieval, Action, Multiplayer, Third Person, Historical, PvP, Swordplay, War, Competitive, Horses, Fighting, RPG, Difficult, Massively Multiplayer, FPS, Strategy, Singleplayer, Hack and Slash, Adventure, First-Person	4461	56.8	22	8	50	NA	Fatshark	Paradox Interactive	NA	X	NA	NA
Dungeons 2	262280	RPG, Simulation, Strategy	Strategy, RPG, Management, Fantasy, Dungeon Crawler, RTS, Villain Protagonist, Comedy, Simulation, Multiplayer, Singleplayer, Funny, Competitive, Base-Building, Top-Down, Building, God Game, Sandbox, Tower Defense, Adventure	4869	81.3	19.0	15	26	NA	Realmforge Studios	Kalypso Media Digital	24-Apr-2015	NA	OS: Windows Vista (SP2) 32bitProcessor: AMD or Intel, 3GHz Dual-Core or 2.6 GHz Quad-CoreMemory: 3 GB RAMGraphics: Intel HD4400, NVIDIA GeForce GT 440\/GT 650M, AMD Radeon HD 7750\/R5 255MStorage: 5 GB available spaceSound Card: DirectX compatible 	OS: Windows 7 x64 (SP1)Processor: AMD Quad-Core @ 3.8 GHz or Intel Quad-Core @ 3.2 GHzMemory: 4 GB RAMGraphics: AMD Radeon R7 265 or NVIDIA GeForce GTX 650Storage: 5 GB available spaceSound Card: DirectX compatible
DiRT Rally	310560	Racing, Simulation, Sports	Racing, Simulation, Automobile Sim, Driving, Multiplayer, Realistic, Offroad, Difficult, Singleplayer, VR, Sports, First-Person, Action, Atmospheric, Fast-Paced, Co-op, 3D Vision, TrackIR, Open World, Family Friendly	38451	87.8	18.6	28	144	NA	Codemasters, Feral Interactive (Linux), Feral Interactive (Mac)	Codemasters, Feral Interactive (Linux), Feral Interactive (Mac), Electronic Arts	07-Dec-2015	X	OS: 64bit Versions of Windows 7, Windows 8, Windows 10Processor: AMD FX Series or Intel Core i3 SeriesMemory: 4 GB RAMGraphics: AMD HD5450 or Nvidia GT430 or Intel HD4000 with 1GB of VRAM (DirectX 11 graphics card required)DirectX: Version 11Storage: 50 GB available spaceSound Card: DirectX Compatible soundcardAdditional Notes: Supported Graphics Cards: AMD HD5000 Series, HD6000 Series, HD7000 Series, R7 Series, R9 Series Nvidia GTX400 Series, GTX500 Series, GTX600 Series, GTX700 Series, GTX900 Series Intel HD4000 Series, HD5000 Series 	OS: 64bit Versions of Windows 7, Windows 8, Windows 10Processor: AMD FX-8150 or Intel Core i5 4670KMemory: 8 GB RAMGraphics: AMD R9 290 or Nvidia GTX780DirectX: Version 11Storage: 50 GB available spaceSound Card: Direct X compatible soundcardAdditional Notes: Supported Graphics Cards:  AMD HD5000 Series, HD6000 Series, HD7000 Series, R7 Series, R9 Series Nvidia GTX400 Series, GTX500 Series, GTX600 Series, GTX700 Series, GTX900 Series Intel HD4000 Series, HD5000 Series, HD6000 Series
Life is Strange: Before the Storm	554620	Action, Adventure	Story Rich, Choices Matter, Great Soundtrack, Female Protagonist, Atmospheric, Singleplayer, Episodic, Adventure, Choose Your Own Adventure, Multiple Endings, Third Person, Drama, Mystery, Action, Indie, Walking Simulator, LGBTQ+, Point & Click, Psychological Horror, Memes	35828	93.2	17.1	10	13	NA	Deck Nine, Feral Interactive (Mac), Feral Interactive (Linux)	Square Enix, Feral Interactive (Mac), Feral Interactive (Linux)	31-Aug-2017	NA	Requires a 64-bit processor and operating systemOS: Windows 7 or above (64-bit Operating System Required)Processor: Intel Core i3-2100 (3.1GHz) or AMD Phenom X4 945 (3.0GHz)Memory: 3 GB RAMGraphics: AMD Radeon R7 250 or NVIDIA Geforce GTX 650DirectX: Version 11Storage: 14 GB available spaceAdditional Notes: Please note that 32-bit operating systems will not be supported. 	Requires a 64-bit processor and operating systemOS: Windows 10 64-bitProcessor: Intel Core i3-6100 (3.7GHz) or AMD Athlon X4 845 (3.5GHz)Memory: 6 GB RAMGraphics: AMD Radeon RX 460 or NVIDIA Geforce 1050DirectX: Version 11Storage: 14 GB available spaceAdditional Notes: Please note that 32-bit operating systems will not be supported.
Just Cause 3	225540	Action, Adventure	Open World, Action, Destruction, Third-Person Shooter, Multiplayer, Singleplayer, Adventure, Shooter, Sandbox, Third Person, Exploration, Physics, Funny, Atmospheric, Co-op, Parkour, Comedy, Great Soundtrack, Moddable, RPG	106615	82.6	15.0	18	61	NA	Avalanche Studios	Square Enix	30-Nov-2015	NA	OS: Vista SP2 \/ Windows 7.1 SP1 \/ Windows 8.1 (64-bit Operating System Required)Processor: Intel Core i5-2500k, 3.3GHz \/ AMD Phenom II X6 1075T 3GHzMemory: 8 GB RAMGraphics: NVIDIA GeForce GTX 670 (2GB) \/ AMD Radeon HD 7870 (2GB)Storage: 54 GB available space 	OS: Vista SP2 \/ Windows 7.1 SP1 \/ Windows 8.1 (64-bit Operating System Required)Processor: Intel Core i7-3770, 3.4 GHz \/ AMD FX-8350, 4.0 GHzMemory: 8 GB RAMGraphics: NVIDIA GeForce GTX 780 (3GB) \/ AMD R9 290 (4GB)Storage: 54 GB available space
Warface	291480	Action, Adventure, Free to Play, Massively Multiplayer, RPG, Simulation, Strategy	Free to Play, Realistic, FPS, Multiplayer, Shooter, Action, PvP, Co-op, Gun Customization, Character Customization, First-Person, Tactical, Online Co-Op, Strategy, Massively Multiplayer, Military, Team-Based, Moddable, Adventure, Class-Based	80249	67.5	14.0	30	43	NA	MY.GAMES	MY.GAMES	01-Jul-2014	NA	Requires a 64-bit processor and operating systemOS: Windows 7, Windows 8, Windows 10Processor: Core i3-530 \/ AMD Athlon II X3 415eMemory: 4 GB RAMGraphics: GeForce 250 GTS \/ Radeon HD 4850DirectX: Version 10Network: Broadband Internet connectionStorage: 35 GB available spaceSound Card: DirectX Compatible Sound Card with latest drivers 	Requires a 64-bit processor and operating systemOS: Windows 7, Windows 8, Windows 10Processor: Core i5 3470 \/ AMD Athlon 240GEMemory: 6 GB RAMGraphics: GeForce 1050 Ti \/ Radeon R9 380DirectX: Version 11Network: Broadband Internet connectionStorage: 35 GB available spaceSound Card: DirectX Compatible Sound Card with latest drivers
Monster Hunter: World	582010	Action	Co-op, Multiplayer, Action, Open World, RPG, Third Person, Character Customization, Adventure, Fantasy, Difficult, Singleplayer, Action RPG, Exploration, Great Soundtrack, Replay Value, Atmospheric, Hack and Slash, JRPG, Souls-like, MMORPG	371817	86	14.0	48	394	NA	CAPCOM Co., Ltd.	CAPCOM Co., Ltd.	09-Aug-2018	NA	Requires a 64-bit processor and operating systemOS: WINDOWS® 7, 8, 8.1, 10 (64-bit required)Processor: Intel® Core™ i5 4460 or Core™ i3 9100F or AMD FX™-6300 or Ryzen™ 3 3200GMemory: 8 GB RAMGraphics: NVIDIA®GeForce®GTX 760 or GTX1050 or AMD Radeon™ R7 260x or RX 560DirectX: Version 11Network: Broadband Internet connectionStorage: 52 GB available spaceSound Card: DirectSound (DirectX® 9.0c or later)Additional Notes: - These specs allow for the game to be played in 1080p\/30fps with graphics settings at &quot;Low&quot;. - 64-bit processor and operating system are required. 	Requires a 64-bit processor and operating systemOS: WINDOWS® 7, 8, 8.1, 10 (64-bit required)Processor: Intel® Core™ i7 3770 or Core™ i3 8350 or Core™ i3 9350F \/ AMD Ryzen™ 5 1500X or Ryzen™ 5 3400GMemory: 8 GB RAMGraphics: NVIDIA® GeForce® GTX 1060 (VRAM 3GB) or GTX 1650 \/ AMD Radeon™ RX 480 or RX 570DirectX: Version 11Network: Broadband Internet connectionStorage: 52 GB available spaceSound Card: DirectSound (DirectX® 9.0c or later)Additional Notes: - These specs allow for the game to be played in 1080p\/30fps with graphics settings at &quot;High&quot;. - 64-bit processor and operating system are required. - Windows 10 (Version 1809 or later) and a 4GB VRAM GPU (graphics board or video card) are required for DirectX 12 API.
Resident Evil	304240	Action, Adventure	Survival Horror, Zombies, Horror, Classic, Remake, Atmospheric, Singleplayer, Puzzle, Survival, Adventure, Action, Third Person, Cult Classic, Female Protagonist, Story Rich, Difficult, Gore, Shooter, Great Soundtrack, Third-Person Shooter	18523	92.6	12.7	11	20	NA	CAPCOM Co., Ltd.	CAPCOM Co., Ltd.	19-Jan-2015	NA	OS: Windows® 8.1 \/ Windows®10Processor: Intel® Core™ 2 Duo 2.4 GHz, AMD Athlon™ X2 2.8 GHz, or betterMemory: 2 GB RAMGraphics: NVIDIA® GeForce® GTX260, ATI Radeon HD 6790, or betterMonitor Resolution: 1024×768 or higherDirectX: Version 9.0cNetwork: Broadband Internet connectionStorage: 20 GB available spaceSound Card: DirectSound compatible (must support DirectX 9.0c or higher)Additional Notes: Controller: Supports Keyboard +Mouse.  Genuine Xbox 360 PC compatible controller or comparable XInput-based gamepad recommended.Note: Some high end integrated graphics chips and modern gaming laptops with a discrete GPU may work but have not been tested, nor are they officially supported by Capcom. 	OS: Windows® 8.1 \/ Windows®10Processor: Intel® Core™ 2 Quad 2.7 GHz, AMD Phenom™ II X4 3.0 GHz or betterMemory: 4 GB RAMGraphics: NVIDIA® GeForce® GTX 560, ATI Radeon HD 6950, or betterMonitor Resolution: 1280×720 or higherDirectX: Version 9.0cNetwork: Broadband Internet connectionStorage: 20 GB available spaceSound Card: DirectSound compatible (must support DirectX 9.0c or higher)Additional Notes: Controller: Supports Keyboard +Mouse. Genuine Xbox 360 PC compatible controller or comparable XInput-based gamepad recommended.Note: Some high end integrated graphics chips and modern gaming laptops with a discrete GPU may work but have not been tested, nor are they officially supported by Capcom.
Insurgency	222880	Action, Indie, Strategy	FPS, Realistic, Tactical, Multiplayer, Shooter, Action, Military, Team-Based, Co-op, First-Person, War, Strategy, Online Co-Op, Competitive, Indie, Simulation, PvP, Singleplayer, Atmospheric, Adventure	124488	91.8	10.5	7	53	NA	New World Interactive	New World Interactive	22-Jan-2014	NA	MinimumOS: Windows® 7Processor: Intel® Core™ 2 Duo E6600 or AMD Phenom™ X3 8750 processor or betterMemory: 4 GB RAMGraphics: Video card must be 512 MB or more and should be a DirectX 9-compatible with support for Pixel Shader 3.0Hard Drive: 10 GB HD spaceDirectX: 9.0c RecommendedMemory: 8 GB RAMGraphics: Video card 2048 MB or moreHard Drive: 10 GB HD space on a SSD	NA
Realm Royale Reforged	813820	Action, Free to Play, Early Access	Battle Royale, Free to Play, Multiplayer, Shooter, Survival, Early Access, PvP, Action, Third-Person Shooter, Third Person, FPS, Competitive, Team-Based, Fantasy, Massively Multiplayer, Open World, Co-op, Online Co-Op, Memes, Singleplayer	55022	75.7	10.0	0	15	NA	Heroic Leap Games	Hi-Rez Studios	05-Jun-2018	NA	Requires a 64-bit processor and operating systemOS: Windows 7 64-bit or newerProcessor: Core 2 Duo 2.4 GHz or Athlon X2 2.7 GHzMemory: 4 GB RAMGraphics: Nvidia GeForce 8800 GTStorage: 30 GB available spaceSound Card: DirectX compatible sound card 	Requires a 64-bit processor and operating systemOS: Windows 8\/10 64-bit (latest Service Pack)Processor: Intel Core i5-750, 2.67 GHz \/ AMD Phenom II X4 965, 3.4 GHzMemory: 6 GB RAMGraphics: Nvidia GeForce GTX 660 or ATI Radeon HD 7950Network: Broadband Internet connectionStorage: 30 GB available spaceSound Card: DirectX compatible sound card
Among Us	945360	Casual	Multiplayer, Online Co-Op, Social Deduction, Space, Survival, 2D, Funny, Psychological, Co-op, Party Game, Cartoony, Local Multiplayer, Casual, Action, PvP, Minigames, Sci-fi, Colorful, Top-Down, Aliens	651788	91.8	9.8	9	20	NA	Innersloth	Innersloth	16-Nov-2018	NA	OS: Windows 10 x32bitProcessor: INTEL i3-4330Memory: 1 GB RAMGraphics: INTEL HD Graphics 4600 	OS: Windows 10 x64bitProcessor: INTEL i3-4330Memory: 4 GB RAMGraphics: Nvidia GTX 650
Resident Evil 2	883710	Action	Zombies, Survival Horror, Horror, Remake, Singleplayer, Third Person, Gore, Action, Atmospheric, Puzzle, Violent, Story Rich, Classic, Survival, Multiplayer, Female Protagonist, Dark, Adventure, Shooter, Difficult	120308	97.1	9.4	9	34	NA	CAPCOM Co., Ltd.	CAPCOM Co., Ltd.	24-Jan-2019	NA	Requires a 64-bit processor and operating systemOS: WINDOWS® 10 (64-BIT Required)Processor: Intel® Core™ i5-4460 or AMD FX™-6300 or betterMemory: 8 GB RAMGraphics: NVIDIA® GeForce® GTX 960 or AMD Radeon™ RX 460DirectX: Version 12Storage: 26 GB available spaceAdditional Notes: This game is expected to run at 1080p\/30 FPS. If you have don't have enough graphics memory to run the game at your selected texture quality, you must go to Options &gt; Graphics and lower the texture quality or shadow quality, or decrease the resolution. An internet connection is required for product activation. (Network connectivity uses Steam® developed by Valve® Corporation.) 	Requires a 64-bit processor and operating systemOS: WINDOWS® 10 (64-BIT Required)Processor: Intel® Core™ i7-3770 or AMD FX™-9590 or betterMemory: 8 GB RAMGraphics: NVIDIA® GeForce® GTX 1060 or AMD Radeon™ RX 480  with 3GB VRAMDirectX: Version 12Storage: 26 GB available spaceAdditional Notes: This game is expected to run at 1080p\/60 FPS. An internet connection is required for product activation. (Network connectivity uses Steam® developed by Valve® Corporation.)
Loadout	208090	Action, Free to Play, Indie	Free to Play, Third-Person Shooter, Action, Gore, Multiplayer, Gun Customization, Shooter, Funny, Fast-Paced, Indie, Comedy, Mature, Character Customization, Third Person, Blood, Cartoony, Massively Multiplayer, Co-op, Crafting, Arena Shooter	39795	86.9	8.5	Sin registro de tiempo	Sin registro de tiempo	NA	Edge of Reality	Edge of Reality	31-Jan-2014	X	OS:Windows XP SP3, Windows Vista, Windows 7, Windows 8\tProcessor:Intel Core 2 Duo or AMD equivalent or better\tMemory:2 GB RAM\tGraphics:ATI Radeon HD 4350 \/ NVIDIA GeForce 6800 \/ Intel HD 3000 or better\tDirectX®:9.0c\tHard Drive:4GB HD space\tSound:DirectX compatible Sound Card\tOther Requirements:Broadband Internet connection	NA
Age of Empires II (2013)	221380	Strategy	Strategy, RTS, Medieval, Multiplayer, Classic, Historical, Base-Building, City Builder, Resource Management, Singleplayer, Tactical, Real-Time, Co-op, Competitive, Replay Value, Remake, 2D, Isometric, Action, Adventure	96325	95.7	8.5	31	130	NA	Skybox Labs, Hidden Path Entertainment, Ensemble Studios, Forgotten Empires	Xbox Game Studios	09-Apr-2013	NA	OS:Windows Vista, 7, 8 Pro+\tProcessor:1.2GHZ CPU\tMemory:1 GB RAM\tGraphics:Direct X 9.0c Capable GPU\tDirectX®:9.0c\tHard Drive:2 GB HD space 	Additional:900x600 minimum display resolution
Planet Zoo	703080	Casual, Simulation, Strategy	Management, Simulation, Building, Sandbox, Nature, City Builder, Economy, Realistic, Singleplayer, Family Friendly, Cute, Resource Management, Great Soundtrack, Strategy, Relaxing, Open World, Multiplayer, Casual, Funny, Horses	64525	90.5	7.7	39	96	NA	Frontier Developments	Frontier Developments	05-Nov-2019	NA	Requires a 64-bit processor and operating systemOS: Windows 7 (SP1+)\/8.1\/10 64bitProcessor: Intel i5-2500 \/ AMD FX-6350Memory: 8 GB RAMGraphics: NVIDIA GeForce GTX 770 (2GB) \/ AMD Radeon R9 270X (2GB)Storage: 16 GB available spaceAdditional Notes: Minimum specifications may change during development 	Requires a 64-bit processor and operating systemOS: Windows 10 64bitProcessor: Intel i7-4770k \/ AMD Ryzen 5 1600Memory: 16 GB RAMGraphics: NVIDIA GeForce GTX 1070 (8GB) or AMD Radeon RX 580 (8GB)Storage: 16 GB available space
The Elder Scrolls V: Skyrim Special Edition	489830	RPG	Open World, RPG, Adventure, Singleplayer, Fantasy, Character Customization, Dragons, Moddable, Story Rich, Magic, First-Person, Action, Atmospheric, Great Soundtrack, Third Person, Stealth, Classic, Remake, Female Protagonist, Walking Simulator	240226	91.4	7.6	26	213	NA	Bethesda Game Studios	Bethesda Softworks	27-Oct-2016	NA	OS: Windows 7\/8.1\/10 (64-bit Version)Processor: Intel i5-750\/AMD Phenom II X4-945Memory: 8 GB RAMGraphics: NVIDIA GTX 470 1GB \/AMD HD 7870 2GBStorage: 12 GB available space 	OS: Windows 7\/8.1\/10 (64-bit Version)Processor: Intel i5-2400\/AMD FX-8320Memory: 8 GB RAMGraphics: NVIDIA GTX 780 3GB \/AMD R9 290 4GBStorage: 12 GB available space
Fight The Dragon	250560	Indie, RPG	RPG, Indie, Hack and Slash, Co-op, Level Editor, Dragons, Local Co-Op, Multiplayer, Action RPG, Fantasy, Split Screen, Adventure, Action, Loot, Singleplayer, Dungeon Crawler, Online Co-Op, Early Access, Isometric	1333	78.9	6.7	Sin registro de tiempo	Sin registro de tiempo	NA	3 Sprockets	3 Sprockets	04-Dec-2014	NA	OS: Windows XP+Processor: Intel i3+ or equivalentMemory: 1 GB RAMGraphics: Nvidia 8800, Radeon HD35xx, Intel HD 4000+DirectX: Version 9.0cStorage: 500 MB available spaceAdditional Notes: Requires an Xinput compatible gamepad 	OS: Windows 7+Processor: Intel i5+ or equivalentMemory: 2 GB RAMGraphics: NVidia 560+ or equivalentDirectX: Version 9.0cNetwork: Broadband Internet connectionStorage: 1 GB available spaceAdditional Notes: Requires an Xinput compatible gamepad
PUBG: BATTLEGROUNDS	578080	Action, Adventure, Free to Play, Massively Multiplayer	Survival, Shooter, Battle Royale, Multiplayer, FPS, PvP, Third-Person Shooter, Action, Online Co-Op, Tactical, Co-op, First-Person, Strategy, Early Access, Competitive, Third Person, Team-Based, Difficult, Simulation, Stealth	2129924	56.9	5.8	108	533	NA	KRAFTON, Inc.	KRAFTON, Inc.	21-Dec-2017	NA	Requires a 64-bit processor and operating systemOS: 64-bit Windows 10Processor: Intel Core i5-4430 \/ AMD FX-6300Memory: 8 GB RAMGraphics: NVIDIA GeForce GTX 960 2GB \/ AMD Radeon R7 370 2GBDirectX: Version 11Network: Broadband Internet connectionStorage: 40 GB available space 	Requires a 64-bit processor and operating systemOS: 64-bit Windows 10Processor: Intel Core i5-6600K \/ AMD Ryzen 5 1600Memory: 16 GB RAMGraphics: NVIDIA GeForce GTX 1060 3GB \/ AMD Radeon RX 580 4GBDirectX: Version 11Network: Broadband Internet connectionStorage: 50 GB available space
Tabletop Simulator	286160	Casual, Indie, RPG, Simulation, Strategy	Tabletop, Board Game, Simulation, Multiplayer, Sandbox, Card Game, Trading Card Game, VR, Physics, Casual, 3D, Strategy, Moddable, Wargame, Online Co-Op, Co-op, RPG, Funny, First-Person, Indie	57248	93.8	5.7	4	1000	NA	Berserk Games	Berserk Games	05-Jun-2015	NA	OS: Windows 7 SP1+Processor: SSE2 instruction set support.Memory: 4 GB RAMGraphics: Graphics card with DX10 (shader model 4.0) capabilities.DirectX: Version 10Network: Broadband Internet connectionStorage: 3 GB available spaceVR Support: SteamVR	NA
STAR WARS™: Knights of the Old Republic™	32370	Adventure, RPG	RPG, Sci-fi, Story Rich, Singleplayer, Classic, Adventure, Party-Based RPG, Real-Time with Pause, Choices Matter, Third Person, Action, Space, Exploration, Fantasy, Atmospheric, Turn-Based, Great Soundtrack, Moddable, Female Protagonist, Open World	27387	91.1	5.4	29	47	NA	BioWare, Aspyr (Mac)	LucasArts, Aspyr (Mac), Disney, Lucasfilm	05-Sep-2009	NA	OS: Windows XP and Windows Vista\t\t\tProcessor: Intel Pentium 3 1Ghz or AMD Athlon 1GHz\t\t\tMemory: 256 RAM\t\t\tGraphics: 32 MB with Hardware T&amp;L\t\t\tDirectX®: Directx 9.0b or better\t\t\tHard Drive: 3.5 GB\t\t\tSound: Directx 9.0b compatible\t\t\t	NA
Cities: Skylines	255710	Simulation, Strategy	City Builder, Simulation, Building, Management, Strategy, Sandbox, Singleplayer, Moddable, Economy, Resource Management, Mod, Realistic, Replay Value, Casual, Modern, Real-Time with Pause, Family Friendly, Great Soundtrack, Funny, Action	219049	93.3	5.0	26	123	NA	Colossal Order Ltd.	Paradox Interactive	10-Mar-2015	NA	Requires a 64-bit processor and operating systemOS: Windows® 7 64 Bit  |  Windows® 8.1 64 Bit  |  Windows® 10 Home 64 BitProcessor: Intel® Core™ I7 930  |  AMD® FX 6350Memory: 8 GB RAMGraphics: Nvidia® GeForce™ GTS 450 (1 GB) |  AMD® R7 250 (2 GB)  |  Intel Iris Xe G7 (Tiger Lake)DirectX: Version 9.0cNetwork: Broadband Internet connectionStorage: 4 GB available space 	Requires a 64-bit processor and operating systemOS: Windows® 10 Home 64 bitProcessor: Intel® Core™ I7 2700K  |   AMD® Ryzen 7 2700XMemory: 16 GB RAMGraphics: Nvidia® GeForce™ GTX 580 (1.5 GB)  |   AMD® Radeon™ RX 560 (4 GB)DirectX: Version 11Network: Broadband Internet connectionStorage: 4 GB available space
Rust	252490	Action, Adventure, Indie, Massively Multiplayer, RPG	Survival, Crafting, Multiplayer, Open World, Open World Survival Craft, Building, PvP, Sandbox, Adventure, First-Person, Action, FPS, Nudity, Co-op, Shooter, Online Co-Op, Indie, Early Access, Post-apocalyptic, Simulation	878867	86.9	4.5	23	104	NA	Facepunch Studios	Facepunch Studios	08-Feb-2018	NA	Requires a 64-bit processor and operating systemOS: Windows 8.1 64bitProcessor: Intel Core i7-3770 \/ AMD FX-9590 or betterMemory: 10 GB RAMGraphics: GTX 670 2GB \/ AMD R9 280 betterDirectX: Version 11Network: Broadband Internet connectionStorage: 25 GB available spaceAdditional Notes: SSD is highly recommended or expect longer than average load times. 	Requires a 64-bit processor and operating systemOS: Windows 11 64bitProcessor: Intel Core i7-4790K \/ AMD Ryzen 5 1600Memory: 16 GB RAMGraphics: GTX 980 \/ AMD R9 FuryDirectX: Version 12Network: Broadband Internet connectionStorage: 25 GB available spaceAdditional Notes: SSD is highly recommended.
STAR WARS™ Knights of the Old Republic™ II: The Sith Lords™	208580	RPG	RPG, Story Rich, Sci-fi, Singleplayer, Classic, Real-Time with Pause, Choices Matter, Adventure, Party-Based RPG, Character Customization, Moddable, Third Person, Multiple Endings, Space, Atmospheric, Female Protagonist, Action, Turn-Based Combat, Turn-Based, Great Soundtrack	20861	93.5	3.8	31	53	NA	Obsidian Entertainment, Aspyr (Mac, Linux, &amp; Windows Update)	LucasArts, Lucasfilm, Aspyr (Mac, Linux)	23-Aug-2012	NA	OS: Windows 7 or newer\tProcessor:  Intel Core i3 (2 Cores), AMD A10        CPU Speed: 2.2 GHz        Memory: 4GB RAM\tHard Disk Space: 10 GB\tVideo Card (ATI): Radeon HD 5450\tVideo Card (NVidia): GeForce 260\tVideo Card (Intel): HD 4400        Video Memory (VRam): 256MB        Controller Support: Microsoft® Xbox® 360 Controller for Windows® (Wired), Microsoft® Xbox® 360 Games for Windows® Wireless Controller with Adapter, Microsoft® Xbox® One Controller (Wired), Razor Sabertooth – Gaming Controller for Xbox 360, Thrustmaster GPX, Logitech Gamepad F310, Logitech Wireless Gamepad F710Important Note: For users that prefer the original version of the game or for users on old hardware that can no longer run KOTOR II in its updated form, we have created a &quot;legacy branch&quot; that will allow users to access the original released content.  Click on the support link and our team will walk you through the process.	NA
STAR WARS Jedi: Fallen Order™ 	1172380	Action, Adventure	Action-Adventure, Souls-like, Third Person, Swordplay, Story Rich, Open World, Platformer, Exploration, Action, Sci-fi, Space, RPG, Metroidvania, Fighting, Puzzle, Adventure, Fantasy, Atmospheric, Hack and Slash, Family Friendly	112992	89.7	3.6	17	31	NA	Respawn Entertainment	Electronic Arts	14-Nov-2019	NA	Requires a 64-bit processor and operating systemOS: 64-bit Windows 7\/8.1\/10Processor: AMD FX-6100\/Intel i3-3220 or EquivalentMemory: 8 GB RAMGraphics: AMD Radeon HD 7750, NVIDIA GeForce GTX 650 or EquivalentDirectX: Version 11Storage: 55 GB available space 	Requires a 64-bit processor and operating systemOS: 64-bit Windows 7\/8.1\/10Processor: AMD Ryzen 7 1700\/Intel  i7-6700K or EquivalentMemory: 16 GB RAMGraphics: AMD RX Vega 56, Nvidia GTX 1070\/GTX1660Ti or EquivalentDirectX: Version 11Storage: 55 GB available space
SMITE	386360	Action, Free to Play	Free to Play, MOBA, Multiplayer, Action, Third Person, MMORPG, Mythology, Nostalgia, Team-Based, Competitive, PvP, Co-op, Strategy, Massively Multiplayer, e-sports, Open World, RPG, Adventure, Survival, Funny	106145	79.8	3.0	3	15316	NA	Titan Forge Games	Hi-Rez Studios	08-Sep-2015	NA	OS: Windows 7 64-bit or newerProcessor: Core 2 Duo 2.4 GHz or Athlon X2 2.7 GHzMemory: 4 GB RAMGraphics: Nvidia GeForce 8800 GTStorage: 30 GB available spaceSound Card: DirectX compatible sound card 	OS: Windows 8\/10 64-bit (latest Service Pack)Processor: Intel Core i5 or AMD Phenom II X3, 2.8 GHzMemory: 6 GB RAMGraphics: Nvidia GeForce GTX 660 or ATI Radeon HD 7950Network: Broadband Internet connectionStorage: 30 GB available spaceSound Card: DirectX compatible sound card
Portal	400	Action	Puzzle, Puzzle-Platformer, First-Person, 3D Platformer, Singleplayer, Sci-fi, Comedy, Female Protagonist, Funny, Physics, Action, Story Rich, Classic, Platformer, Science, Atmospheric, FPS, Short, Dark Humor, Adventure	122288	98.5	2.9	3	10	NA	Valve	Valve	10-Oct-2007	NA	\r\n\t\t\t 1.7 GHz Processor, 512MB RAM, DirectX&reg; 8.1 level Graphics Card (Requires support for SSE), Windows&reg; 7 (32\/64-bit)\/Vista\/XP, Mouse, Keyboard, Internet Connection\r\n\t\t\t	 Pentium 4 processor (3.0GHz, or better), 1GB RAM, DirectX&reg; 9 level Graphics Card, Windows&reg; 7 (32\/64-bit)\/Vista\/XP, Mouse, Keyboard, Internet Connection\r\n\t\t\t
PAYDAY 2	218620	Action, RPG	Co-op, Action, FPS, Heist, Looter Shooter, Multiplayer, Online Co-Op, Stealth, Crime, Shooter, Team-Based, First-Person, Great Soundtrack, Gun Customization, Tactical, PvE, Strategy, Singleplayer, Funny, Simulation	609423	89.6	2.5	25	465	NA	OVERKILL - a Starbreeze Studio.	Starbreeze Publishing AB	13-Aug-2013	NA	OS: Windows 7Processor: 2 GHz Intel Dual Core ProcessorMemory: 4 GB RAMGraphics: Nvidia &amp; AMD (512MB VRAM)DirectX: Version 9.0cStorage: 83 GB available spaceVR Support: SteamVR. Standing or Room Scale 	OS: Windows 10Processor: 2.3 GHz Intel Quad Core ProcessorMemory: 8 GB RAMGraphics: Nvidia &amp; AMD (1GB VRAM)DirectX: Version 9.0cStorage: 83 GB available spaceVR Support: SteamVR. Standing or Room Scale
Assassin's Creed II	33230	Action, Adventure	Action, Open World, Parkour, Assassin, Adventure, Stealth, Third Person, Historical, Story Rich, Singleplayer, Great Soundtrack, Atmospheric, Conspiracy, Action-Adventure, Multiplayer, Classic, Controller, Alternate History, Sandbox, Sci-fi	40843	89.3	2.4	19	35	NA	Ubisoft Montreal	Ubisoft	04-Mar-2010	NA	\t\t\t\t\tOS: Windows® XP (32-64 bits) \/Windows Vista®(32-64 bits)\/Windows 7® (32-64 bits) *\t\t\t\t\t\tProcessor: Intel Core® 2 Duo 1.8 GHZ or AMD Athlon X2 64 2.4GHZ\t\t\t\t\t\tMemory: 1.5 GB  Windows® XP \/ 2 GB Windows Vista® - Windows 7® \t\t\t\t\t\tGraphics: 256 MB DirectX®  9.0–compliant card with Shader Model 3.0 or higher (see supported list)\t\t\t\t\t\tDirectX®: DirectX 9.0\t\t\t\t\t\tHard Drive: 8 GB free space\t\t\t\t\t\tSound: DirectX 9.0 –compliant sound card \t\t\t\t\t\tSupported Peripherals: Keyboard, mouse, optional controller\t\t\t\t\t* This product does not support Windows® 98\/ME\/2000\/NT\t\t\t\t\tSupported Video Cards at Time of Release: ATI® RADEON®  X1950, HD 2000\/3000\/4000\/5000 series NVIDIA GeForce® 7\/8\/9\/100\/200 series 	\t\t\t\t\tOS: Windows® XP (32-64 bits) \/Windows Vista®(32-64 bits)\/Windows 7® (32-64 bits) *\t\t\t\t\t\tProcessor: Intel Core® 2 Duo E6700 2.6 GHz or AMD Athlon 64 X2 6000+ or better\t\t\t\t\t\tMemory: 1.5 GB  Windows® XP \/ 2 GB Windows Vista® - Windows 7®\t\t\t\t\t\tGraphics: GeForce 8800 GT or ATI Radeon HD 4700  or better\t\t\t\t\t\tDirectX®: DirectX 9.0\t\t\t\t\t\tHard Drive: 8 GB free space\t\t\t\t\t\tSound: 5.1 sound card\t\t\t\t\t\tSupported Peripherals: Keyboard, mouse, joystick optional (Xbox 360® Controller for Windows recommended)\t\t\t\t\t
Battlerite	504370	Action, Free to Play	PvP, Multiplayer, MOBA, Competitive, Action, Free to Play, Arena Shooter, Fast-Paced, Team-Based, Fighting, Top-Down, Early Access, Strategy, e-sports, Difficult, Great Soundtrack, RPG, Top-Down Shooter, Hack and Slash, Atmospheric	58629	84.4	1.5	115	0	NA	Stunlock Studios	Stunlock Studios	08-Nov-2017	NA	OS: Windows XP or newerProcessor: Dual Core from Intel or AMD at 2.8 GHzMemory: 4 GB RAMGraphics: Intel HD 3000DirectX: Version 9.0cNetwork: Broadband Internet connectionStorage: 3000 MB available spaceSound Card: DirectX Compatible	NA
Warframe	230410	Action, Free to Play, RPG	Free to Play, Action RPG, Looter Shooter, RPG, Action, Third-Person Shooter, Third Person, Character Customization, Massively Multiplayer, Online Co-Op, Co-op, Lore-Rich, PvE, Sci-fi, Singleplayer, Space, Hack and Slash, Shooter, Ninja, Parkour	524890	86.6	1.5	107	1413	NA	Digital Extremes	Digital Extremes	25-Mar-2013	NA	OS:Windows 7 64-Bit (32-bit not supported)\tProcessor:Intel Core 2 Duo e6400 or AMD Athlon x64 4000+        Video:DirectX 11+ capable Graphics Card\tMemory:4 GB RAM\tStorage:35 GB available HD space \tInternet:Broadband Internet Connection RequiredNote: There is no Mac or Linux client currently available.	NA
Total War: WARHAMMER	364360	Action, Strategy	Strategy, Fantasy, RTS, War, Turn-Based Strategy, Games Workshop, Grand Strategy, Multiplayer, Tactical, Dark Fantasy, Action, Singleplayer, Turn-Based, Atmospheric, Co-op, Story Rich, Open World, RPG, Gore, Warhammer 40K	50235	78	1.4	34	166	NA	CREATIVE ASSEMBLY, Feral Interactive (Linux), Feral Interactive (Mac)	SEGA, Feral Interactive (Linux), Feral Interactive (Mac)	24-May-2016	NA	OS: Windows 7 64BitProcessor: Intel® Core™ 2 Duo 3.0GhzMemory: 3 GB RAMGraphics: (DirectX 11) AMD Radeon HD 5770 1024MB | NVIDIA GTS 450 1024MB | Intel HD4000 @720PDirectX: Version 11Storage: 35 GB available spaceAdditional Notes: *PC Integrated graphics chipsets require 4 GB RAM, e.g. Intel HD series. 	OS: Windows 7\/8.1\/10 64BitProcessor: Intel® Core™ i5-4570 3.20GHzMemory: 8 GB RAMGraphics: (DirectX 11) AMD Radeon R9 270X 2048MB | NVIDIA GeForce GTX 760 2048MB @1080PDirectX: Version 11Storage: 35 GB available space
Age of Empires III: Definitive Edition	933110	Strategy	Strategy, RTS, Base-Building, Multiplayer, Military, Historical, City Builder, War, Singleplayer, Resource Management, 3D, PvP, Combat, Story Rich, Level Editor, Moddable, Online Co-Op, Co-op, Medieval, Classic	31218	81.2	1.3	19	52	NA	Tantalus Media, Forgotten Empires	Xbox Game Studios	15-Oct-2020	NA	Requires a 64-bit processor and operating systemOS: Windows 10 version 18362.0 or higherProcessor: Intel i3-2105 @ 3.1GHz or AMD Phenom II X4 973 with an average CPU Passmark score of 1830 or betterMemory: 8 GB RAMGraphics: GeForce GT 430, Radeon HD 5570, or Intel HD 4400 with an average Passmark G3D Mark of 570 or better @720pDirectX: Version 11Network: Broadband Internet connectionStorage: 42 GB available spaceAdditional Notes: 2 GB VRAM 	Requires a 64-bit processor and operating systemOS: Windows 10 version 18362.0 or higherProcessor: Intel i5-3300 @ 3.0GHz or AMD FX-8350 or equivalent with an average CPU Passmark score of 4100 or betterMemory: 16 GB RAMGraphics: GeForce GTX 980 or Radeon R9 Fury or equivalent with an average Passmark G3D Mark of 9500 or better @1080pDirectX: Version 11Network: Broadband Internet connectionStorage: 42 GB available spaceAdditional Notes: 4 GB VRAM
Outlast	238320	Action, Adventure, Indie	Horror, First-Person, Survival Horror, Atmospheric, Gore, Psychological Horror, Survival, Singleplayer, Adventure, Action, Dark, Indie, Stealth, Nudity, Parkour, Multiplayer, Difficult, Walking Simulator, 3D Vision, Sci-fi	95951	96.4	0.8	5	10	NA	Red Barrels	Red Barrels	04-Sep-2013	NA	OS: Windows XP \/ Vista \/ 7 \/ 8 - 64 bits *Processor: 2.2 GHz Dual Core CPUMemory: 2 GB RAMGraphics: 512 MB NVIDIA GeForce 9800GTX \/ ATI Radeon HD 3xxx seriesDirectX: Version 9.0cNetwork: Broadband Internet connectionStorage: 5 GB available spaceSound Card: DirectX CompatibleAdditional Notes: * 32 bits systems are not officially supported, but should work if configured to provide 3Gb of user-mode address space. See http:\/\/msdn.microsoft.com\/en-us\/windows\/bb613473 or http:\/\/steamcommunity.com\/sharedfiles\/filedetails\/?id=175801311 	OS: Windows Vista \/ 7 \/ 8 - 64 bitsProcessor: 2.8 GHz Quad Core CPUMemory: 3 GB RAMGraphics: 1GB NVIDIA GTX 460 \/ ATI Radeon HD 6850 or betterDirectX: Version 9.0cNetwork: Broadband Internet connectionStorage: 5 GB available spaceSound Card: DirectX Compatible
Ravenous Devils	1615290	Casual, Indie, Simulation	Management, Cooking, Villain Protagonist, Gore, Crime, Resource Management, Horror, Dark Comedy, Time Management, Clicker, Violent, Economy, Farming Sim, Simulation, Singleplayer, Dark Humor, 2.5D, Controller, Relaxing, Casual	5330	93.2	0.8	5	6	NA	Bad Vices Games	Bad Vices Games	29-Apr-2022	NA	Requires a 64-bit processor and operating systemOS: Windows 7 64 bit or higherProcessor: I3-4130 3,40 GhZMemory: 4 GB RAMGraphics: Nvidia GeForce 750DirectX: Version 11Storage: 2 GB available spaceAdditional Notes: Mac is unsupported at the moment 	Requires a 64-bit processor and operating systemOS: Windows 7 64 bit or higherProcessor: Intel i7-6700HQ CPU@2.60GHzMemory: 8 GB RAMGraphics: Nvidia GeForce 1050Storage: 2 GB available space
Leviathan: Warships	202270	Action, Strategy	Strategy, Action, Turn-Based Strategy, Naval, Co-op, Turn-Based, Singleplayer, Multiplayer, Tactical	398	49.5	0.8	5	20	NA	Pieces Interactive	Paradox Interactive	NA	X	NA	NA
Don't Starve Together	322330	Adventure, Indie, Simulation	Exploration, Open World Survival Craft, Survival, Sandbox, Crafting, Rogue-lite, Multiplayer, Difficult, Open World, 2D, Horror, Adventure, Strategy, Atmospheric, Survival Horror, Funny, Action, Simulation, Online Co-Op, PvP	373841	96.1	0.7	35	290	NA	Klei Entertainment	Klei Entertainment	21-Apr-2016	NA	OS: Windows Vista\/Windows 7\/Windows 8Processor: 1.7+ GHz or betterMemory: 1 GB RAMGraphics: Radeon HD5450 or better; 256 MB or higherDirectX: Version 9.0cNetwork: Broadband Internet connectionStorage: 3 GB available spaceSound Card: 100% DirectX9.0c compatible sound card and drivers	NA
Evolve Stage 2	273350	Action, Free to Play	Action, Multiplayer, Co-op, FPS, Online Co-Op, Shooter, Team-Based, Survival, Sci-fi, Aliens, PvP, First-Person, Class-Based, Strategy, Atmospheric, Third Person, Tactical, Singleplayer, Stealth, Casual	48471	69.7	0.7	Sin registro de tiempo	Sin registro de tiempo	NA	Turtle Rock Studios	2K	10-Feb-2015	X	Requires a 64-bit processor and operating systemOS: Windows 7 64-bitProcessor: Core 2 Duo E6600 \/ Athlon 64 X2 6400Memory: 4 GB RAMGraphics: NVIDIA GeForce GTX 560 \/ ATI Radeon HD 5770DirectX: Version 11Storage: 25 GB available spaceSound Card: DirectX Compliant Sound card 	Requires a 64-bit processor and operating systemOS: Windows 7 64-bitProcessor: Core i7-920 \/ A8-3870KMemory: 6 GB RAMGraphics: NVIDIA GeForce GTX 670 \/ ATI Radeon R9 280DirectX: Version 11Storage: 25 GB available spaceSound Card: DirectX Compliant Sound card
Middle-earth™: Shadow of Mordor™	241930		Open World, Action, Fantasy, Adventure, Third Person, Stealth, Singleplayer, RPG, Action RPG, Assassin, Hack and Slash, Gore, Parkour, Atmospheric, Story Rich, Dark Fantasy, Magic, Lore-Rich, Based On A Novel, Sandbox	78100	92.3	0.4	16	32	NA	Monolith Productions	Warner Bros. Interactive Entertainment, Warner Bros. Games	30-Sep-2014	NA	OS: 64-bit: Vista SP2, Win 7 SP1, Win 8.1Processor: Intel Core i5-750, 2.67 GHz  |  AMD Phenom II X4 965, 3.4 GHzMemory: 3 GB RAMGraphics: NVIDIA GeForce GTX 460  |  AMD Radeon HD 5850DirectX: Version 11Network: Broadband Internet connectionStorage: 44 GB available space 	OS: 64-bit: Win 7 SP1, Win 8.1Processor: Intel Core i7-3770, 3.4 GHz  |  AMD FX-8350, 4.0 GHzMemory: 8 GB RAMGraphics: NVIDIA GeForce GTX 660  |  AMD Radeon HD 7950DirectX: Version 11Network: Broadband Internet connectionStorage: 57 GB available space
The Elder Scrolls IV: Oblivion 	22330	RPG	RPG, Open World, Fantasy, Singleplayer, Moddable, First-Person, Adventure, Exploration, Great Soundtrack, Magic, Action, Character Customization, Story Rich, Atmospheric, Sandbox, Medieval, Classic, Action RPG, Third Person, Dark Fantasy	39410	95.6	0.3	27	184	NA	Bethesda Game Studios	Bethesda Softworks	16-Jun-2009	NA	OS: Windows XP, Windows 2000, Windows XP 64-Bit\t\t\t\t\tProcessor: 2 Ghz Intel Pentium 4 or equivalent\t\t\t\t\tMemory: 512 MB\t\t\t\t\tGraphics: 128 MB Direct3D compatible video card and DirectX 9.0 compatible driver\t\t\t\t\tDirectX®: DirectX 9.0c\t\t\t\t\tHard Drive: 4.6 GB \t\t\t\t\tSound: DirectX 8.1 compatible \t\t\t\t\t	NA
Stronghold Kingdoms	47410	Free to Play, Massively Multiplayer, Strategy	Strategy, Free to Play, Medieval, Massively Multiplayer, City Builder, Multiplayer, Building, Real-Time, War, RTS, PvP, Base-Building, Sandbox, Simulation, Colony Sim, Grand Strategy, Idler, Real Time Tactics, Wargame, Isometric	8796	64.7	0.3	Sin registro de tiempo	Sin registro de tiempo	NA	FireFly Studios	FireFly Studios	27-Feb-2012	NA	OS: Windows 7\/8\/10\/11 (Windows Update Recommended)Processor: 1GHz or FasterMemory: 512Mb RAM for Windows XP (1GB for Windows Vista &amp; 7\/8\/10)Hard Disk Space: 500 Mb of Hard Drive Space\tVideo Card: DirectX 9 Compatible Graphics Card	NA
Psychonauts	3830	Action	Platformer, Comedy, Adventure, Cult Classic, Singleplayer, Action, Funny, Third Person, 3D Platformer, Classic, Story Rich, Psychological, Great Soundtrack, Surreal, Cartoony, Collectathon, Exploration, Action-Adventure, 3D, 3D Vision	15212	95.2	0.1	12	21	NA	Double Fine Productions	Double Fine Productions	11-Oct-2006	NA	OS: Windows 98 SE\/2000\/XP\tProcessor: 1.0 GHz Pentium(R) III and AMD Athlon(tm)\tMemory: 256 MB of RAM\tGraphics: 64 MB GeForce (tm) 3 or higher or ATI(R) Radeon 8500 or higher (except GeForce 4 MX and Go series)\tDirectX®: version 9.0 or higher (included with game)\tHard Drive: 3.75 GB minimum hard drive space\tSound: DirectX&amp;reg 9.0 or higher compatible sound card\tControls: Windows-compatible keyboard and mouse OS: Windows 2000\/XP\tProcessor: 2.0 GHz Pentium(R) IV and AMD Athlon(tm)\tMemory: 512 MB of RAM\tGraphics: , 128 MB GeForce FX 5600 or higher or ATI(R) Radeon 9600 or higher\tDirectX®: version 9.0 or higher (included with game)\tHard Drive: 6.0 GB minimum hard drive space\tSound: DirectX&amp;reg 9.0 or higher and Sound Blaster Audigy 2 series sound card\tControls: Game Pad (optional)	NA
Labyrinth	412310	Free to Play, Indie, RPG, Strategy, Early Access	Card Game, Turn-Based Tactics, Strategy, Free to Play, Early Access, Trading Card Game, Asynchronous Multiplayer, Indie, Tactical RPG, RPG, Turn-Based, Multiplayer, Dungeon Crawler	275	66.9	0.1	Sin registro de tiempo	Sin registro de tiempo	NA	Free Range Games	Free Range Games	07-Mar-2016	X	OS: Windows 7+Processor: 2GHz+ (SSE2 instruction set support)Memory: 2 GB RAMGraphics: 1 GB Video RAMDirectX: Version 10Network: Broadband Internet connectionStorage: 2 GB available spaceSound Card: DirectX 9.0c compatible sound card with latest driversAdditional Notes: Disk space requirement will increase as content is added to the game throughout Early Access	NA
Portal with RTX	2012840		NA	0	NA	NA	3	10	NA			08-Dec-2022	NA	MINIMUM: OS: 64-bit Windows 10 \/ Windows 11Processor: Intel i7-6700, AMD Ryzen 5 3600Memory: 16 GB RAMGraphics: NVIDIA GeForce RTX 3060Storage: 25 GB available spaceRECOMMENDED:OS: 64-bit Windows 10 \/ Windows 11Processor: Intel i7-6700, AMD Ryzen 5 3600Memory: 16 GB RAMGraphics: NVIDIA GeForce RTX 3080Storage: 25 GB SSD available space ULTRA:OS: 64-bit Windows 10 \/ Windows 11Processor: Intel i7-12700K, AMD Ryzen 9 5900Memory: 32 GB RAMGraphics: NVIDIA GeForce RTX 4080Storage: 25 GB SSD available space	NA
Skyrim Script Extender (SKSE)	365720	RPG	Mod, Utilities, RPG, Game Development, Singleplayer	1028	98.3	NA	NA	NA	NA	The SKSE Team	The SKSE Team	12-Aug-2015	NA	OS: Windows XP or newerProcessor: Dual Core 2.0GHz or equivalent processorMemory: 2 GB RAMGraphics: Direct X 9.0c compliant video card with 512 MB of RAMDirectX: Version 9.0Storage: 6 GB available spaceSound Card: DirectX compatible sound card	NA
ARK: Survival Evolved	346110	Action, Adventure, Indie, Massively Multiplayer, RPG	Open World Survival Craft, Survival, Open World, Multiplayer, Dinosaurs, Crafting, Building, Adventure, Base-Building, Co-op, Action, First-Person, Sandbox, Massively Multiplayer, Singleplayer, Early Access, RPG, Dragons, Sci-fi, Indie	602903	83	NA	55	525	NA	Studio Wildcard, Instinct Games, Efecto Studios, Virtual Basement LLC	Studio Wildcard	27-Aug-2017	NA	OS: Windows 7\/8.1\/10 (64-bit versions)Processor: Intel Core i5-2400\/AMD FX-8320 or betterMemory: 8 GB RAMGraphics: NVIDIA GTX 670 2GB\/AMD Radeon HD 7870 2GB or betterDirectX: Version 10Storage: 60 GB available spaceAdditional Notes: Requires broadband internet connection for multiplayer	NA
ARK: Survival Of The Fittest	407530	Action, Adventure, Indie, Massively Multiplayer, RPG, Strategy	Free to Play, Survival, Dinosaurs, Multiplayer, Open World, Action, Adventure, Massively Multiplayer, PvP, Early Access, Dragons, Crafting, RPG, First-Person, Singleplayer, Strategy, Exploration, FPS, Sandbox, Indie	10668	64.7	NA	Sin registro de tiempo	Sin registro de tiempo	NA	Studio Wildcard, Instinct Games, Efecto Studios, Virtual Basement LLC	Studio Wildcard	29-Aug-2017	NA	Requires a 64-bit processor and operating systemOS: 64-Bit Windows 7 Service Pack 1, or Windows 8\/10Processor: 2 GHz Dual-Core 64-bit CPUMemory: 4000 MB RAMGraphics: GTX 500 or Above DirectX10 Compatible GPU with 2 GB or More Video RAMDirectX: Version 10Storage: 37000 MB available space 	Requires a 64-bit processor and operating system
Batman™: Arkham Origins	209000	Action, Adventure	Action, Open World, Superhero, Adventure, Third Person, Stealth, Singleplayer, Multiplayer, Fighting, Beat 'em up, Comic Book, Detective, Story Rich, Atmospheric, Action-Adventure, Controller, 3D Vision, Sandbox, Third-Person Shooter, RPG	42318	88.2	NA	12	40	NA	WB Games Montreal, Splash Damage	Warner Bros. Interactive Entertainment	24-Oct-2013	NA	OS:32-bit:  Vista, Win 7, Win 8\tProcessor:Intel Core 2 Duo, 2.4 GHz \/ AMD Athlon X2, 2.8 GHz\tMemory:2 GB RAM\tGraphics:NVIDIA GeForce 8800 GTS \/ AMD Radeon HD 3850 or better with 512 MB of VRAM\tDirectX®:9.0c        Hard Drive Space:20 GB        Other Requirements:Broadband Internet connection        Additional Notes:Windows XP and DirectX® 9.0b and below not supported 	OS:64-bit: Vista, Win 7, Win 8\tProcessor:Intel Core i5-750, 2.67 GHz \/ AMD Phenom II X4 965, 3.4 GHz\tMemory:4 GB RAM\tGraphics:NVIDIA GeForce GTX 560 \/ AMD Radeon HD 6950 or better with 768 MB+ of VRAM (DirectX 11 Compatible)\tDirectX®:11        Hard Drive Space:20 GB        Other Requirements:Broadband Internet connection        Additional Notes:Windows XP and DirectX® 9.0b and below not supported
Broforce	274190	Action, Adventure, Casual, Indie	America, Action, Pixel Graphics, Co-op, 2D, Local Co-Op, Platformer, Multiplayer, Indie, Shooter, Side Scroller, Funny, Local Multiplayer, Retro, Gore, Comedy, Adventure, Arcade, Casual, Epic	50872	97.1	NA	7	16	NA	Free Lives	Devolver Digital	15-Oct-2015	NA	Requires a 64-bit processor and operating systemOS: Windows Vista or LaterProcessor: Intel Core™ Duo or fasterMemory: 4 GB RAMGraphics: OpenGL 3.0 compliant video cardStorage: 1300 MB available spaceAdditional Notes: Gamepad highly recommended. 	Requires a 64-bit processor and operating system
Cook, Serve, Delicious!	247020	Action, Indie, Simulation, Strategy	Time Management, Typing, Casual, Management, Difficult, Arcade, Cooking, 2D, Strategy, Funny, Cute, Action, Family Friendly, Simulation, Comedy, Co-op, Local Co-Op, Local Multiplayer, 4 Player Local, Singleplayer	5308	94.7	NA	18	38	NA	Vertigo Gaming Inc.	Vertigo Gaming Inc.	08-Oct-2013	NA	OS: Windows Vista, 7\/8\/10Memory: 2 GB RAMGraphics: 128MB Graphics card or greaterStorage: 150 MB available space	NA
DiRT 3 Complete Edition	321040	Racing, Simulation, Sports	Racing, Simulation, Multiplayer, Sports, Driving, Offroad, Controller, Split Screen, Singleplayer, Great Soundtrack, Open World, Arcade, Local Co-Op, Action, First-Person, Realistic, Benchmark	14945	91.2	NA	15	38	NA	Codemasters Racing Studio, Feral Interactive (Mac)	Codemasters, Feral Interactive (Mac)	NA	X	NA	NA
ENDLESS™ Space - Definitive Edition	208140	Strategy	Strategy, 4X, Space, Sci-fi, Turn-Based Strategy, Turn-Based, Multiplayer, Singleplayer, Indie, Exploration, Great Soundtrack, Futuristic, Diplomacy, Grand Strategy, Aliens, Simulation, Atmospheric, Replay Value, Management, Sandbox	9038	80.3	NA	16	107	NA	AMPLITUDE Studios	SEGA	04-Jul-2012	NA	OS:Windows XP SP3 \/ Vista \/ 7\tProcessor:Core 2 Duo Processor or Equivalent \tMemory:2 GB RAM\tGraphics:256 MB DX9 Compliant \tDirectX®:9.0c\tHard Drive:2 GB HD space\tSound:DirectX 9 Compatible Audio 	OS:Windows XP SP3 \/ Vista \/ 7\tProcessor:Core i5\/i7 or equivalent \tMemory:2 GB RAM\tGraphics:512 MB DX9 Compliant with PS 3.0 support\tDirectX®:9.0c\tHard Drive:2 GB HD space\tSound:DirectX 9 Compatible Audio
Galactic Civilizations II: Ultimate Edition	202200	Indie, Strategy	4X, Grand Strategy, Turn-Based, Turn-Based Strategy, 3D, Strategy, Top-Down, Base-Building, Sandbox, Sci-fi, Diplomacy, Management, Building, Moddable, Space, Artificial Intelligence, War, Aliens, Futuristic, Combat	1516	76.5	NA	20	0	NA	Stardock Entertainment	Stardock Entertainment	02-Dec-2011	NA	Operating system: Windows® XP SP3 \/ Vista™ SP2 \/ Windows® 7 \/ 8.1 \/ 10\t\t\t\t\t\t\tProcessor: Intel® Pentium® III 1 GHz (or AMD equivalent)\t\t\t\t\t\t\tMemory: 512 MB (1 GB for Windows 7 \/ Vista)\t\t\t\t\t\t\tHard disk space:  2 GB\t\t\t\t\t\t\tVideo:64 MB DirectX 9.0c Compatible Video Card\t\t\t\t\t\t\tSound: DirectX®  9.0c Compatible Sound Card\t\t\t\t\t\t\tDirectX®: DirectX® 9.0c\t\t\t\t\t\t\tOther Requirements: Broadband Internet connection, also to activate this game you must create a Stardock account while launching the game on Steam.	NA
Guns of Icarus Online	209080	Action, Adventure, Indie, Simulation	Steampunk, Team-Based, Multiplayer, Co-op, Action, Tactical, Indie, Competitive, Simulation, Adventure, Flight, FPS, Online Co-Op, Strategy, PvP, First-Person, Shooter, Class-Based, Kickstarter, Massively Multiplayer	14665	90.2	NA	7	0	NA	Muse Games	Muse Games	29-Oct-2012	NA	OS:Windows 7\tProcessor:2 GHz processor\tMemory:2 GB RAM\tGraphics:Intel HD3000, Nvidia GeForce GT8600 or equivalent\tDirectX®:dx90c\tHard Drive:3 GB HD space\tOther Requirements:Broadband Internet connection	NA
H1Z1: Test Server	439700	Massively Multiplayer	Massively Multiplayer, Survival, Free to Play, Multiplayer, Shooter, Zombies, Open World, Action, FPS, Adventure, Battle Royale, Co-op, PvP, Beat 'em up, Third-Person Shooter, Gaming, Gore, Atmospheric, 3D Vision, Singleplayer	2516	52.5	NA	NA	NA	NA	Daybreak Game Company	Daybreak Game Company	24-Feb-2016	NA	OS: Windows 7 SP1 64 bitProcessor: Intel i3 Dual-Core with Hyper-Threading (required)Memory: 4 GB RAMGraphics: nVidia GeForce GTX 275 series or higherDirectX: Version 10Network: Broadband Internet connectionStorage: 20 GB available spaceSound Card: DirectX Compatible Sound Card 	OS: Windows 7 SP1 64 bitProcessor: Intel i5 Quad Core or higher \/ AMD Phenom II X6 or higherMemory: 8 GB RAMGraphics: nVidia GeForce GTX 560 series or higher \/ AMD HD 6870 or higherDirectX: Version 10Network: Broadband Internet connectionStorage: 20 GB available spaceSound Card: DirectX Compatible Sound Card
INK	385710	Action, Adventure, Indie	Indie, Platformer, Action, Colorful, Adventure, Difficult, 2D, Singleplayer, GameMaker, Puzzle-Platformer, Great Soundtrack, Minimalist	1566	81.4	NA	2	9	NA	ZackBellGames	ZackBellGames	05-Aug-2015	NA	OS: Windows 7 or LaterProcessor: 2 GHzMemory: 1 GB RAMGraphics: 512 MB VRAMDirectX: Version 9.0cStorage: 30 MB available spaceSound Card: YesAdditional Notes: The game runs at locked 30 FPS. 	OS: Windows 7 or LaterProcessor: 3 GHzMemory: 2 GB RAMGraphics: 1 GB VRAMDirectX: Version 11Storage: 60 MB available spaceSound Card: YesAdditional Notes: The game runs at locked 30 FPS.
Just Survive Test Server	362300	Massively Multiplayer	Massively Multiplayer, Zombies, Survival, Open World	393	70	NA	NA	NA	NA	Daybreak Game Company	Daybreak Game Company	16-Apr-2015	X	OS: Windows 7 64 bitProcessor: Intel i3 Dual-Core with Hyper-Threading (required)Memory: 4 GB RAMGraphics: nVidia GeForce GTX 275 series or higherDirectX: Version 10Network: Broadband Internet connectionStorage: 20 GB available spaceSound Card: DirectX Compatible Sound Card 	OS: Windows 7 64 bitProcessor: Intel i5 Quad Core or higher \/ AMD Phenom II X6 or higherMemory: 8 GB RAMGraphics: nVidia GeForce GTX 560 series or higher \/ AMD HD 6870 or higherDirectX: Version 10Network: Broadband Internet connectionStorage: 20 GB available spaceSound Card: DirectX compatible Sound Card
Lara Croft and the Temple of Osiris	289690	Action, Adventure	Adventure, Action, Co-op, Local Co-Op, Multiplayer, Puzzle, Female Protagonist, Online Co-Op, Isometric, Singleplayer, 4 Player Local, RPG, Top-Down, Platformer, Twin Stick Shooter, Hack and Slash, Controller, Third Person, Co-op Campaign, Local Multiplayer	3763	66.5	NA	5	13	NA	Crystal Dynamics	Square Enix	08-Dec-2014	NA	OS: Windows Vista, Windows 7, Windows 8Processor: 2.0 GHz high end Dual Core CPUMemory: 4 GB RAMGraphics: AMD Radeon HD 6000 series or better \/ NVidia GeForce 500 series or betterDirectX: Version 11Storage: 5 GB available space 	OS: Windows Vista, Windows 7, Windows 8Processor: Quad core CPU: AMD Phenom II X4 955 or Intel Core i5-750Memory: 8 GB RAMGraphics: AMD Radeon HD R7\/ NVidia GTX 650DirectX: Version 11Storage: 5 GB available space
Life is Feudal: MMO	700030	Action, Adventure, Massively Multiplayer, RPG, Simulation, Early Access	Massively Multiplayer, Medieval, Open World, Survival, RPG, Sandbox, Open World Survival Craft, Crafting, Adventure, Simulation, Action, MMORPG, Base-Building, Early Access, Multiplayer, Building, Free to Play, Violent, PvP, First-Person	6533	42.9	NA	Sin registro de tiempo	Sin registro de tiempo	NA	Bitbox Ltd.	Bitbox Ltd.	12-Jan-2018	X	Requires a 64-bit processor and operating systemOS: 64-bit - Windows 7 (SP1), Windows 8.1, Windows 10Processor: Intel - Core i5 2.5 GHz, AMD - Phenom II X4 2.5 GHzMemory: 8 GB RAMGraphics: NVIDIA - GeForce® GTX 660, AMD - Radeon™ HD 6970DirectX: Version 11Network: Broadband Internet connectionStorage: 50 GB available space 	Requires a 64-bit processor and operating systemOS: 64-bit - Windows 7 (SP1), Windows 8.1, Windows 10Processor: Intel - Core i7 3.0 GHzMemory: 16 GB RAMGraphics: NVIDIA - GeForce® GTX 980, AMD - Radeon™ RX 480DirectX: Version 12Network: Broadband Internet connectionStorage: 90 GB available space
Outland	305050	Action, Adventure, Indie	Platformer, Action, Metroidvania, Co-op, 2D, Adventure, Indie, Bullet Hell, Multiplayer, Controller, Singleplayer, Great Soundtrack, Difficult, Online Co-Op, Arcade, Atmospheric	3849	80.9	NA	7	12	NA	Housemarque	Housemarque	29-Sep-2014	NA	OS: Windows XPProcessor: Intel Core 2 @ 2GHz \/ AMD Athlon 64 X2 4200+Memory: 2 GB RAMGraphics: 512MB Nvidia GeForce GTX 460\/550, AMD Radeon HD 5770DirectX: Version 9.0cStorage: 650 MB available spaceSound Card: DirectX Compatible 	OS: Windows 7Processor: Intel\/AMD Quad Core @ 2.3GHzMemory: 4 GB RAMGraphics: 1GB Nvidia GeForce GTX 560\/640+, AMD Radeon HD 6850+DirectX: Version 11Network: Broadband Internet connectionStorage: 650 MB available spaceSound Card: DirectX Compatible
Owlboy	115800	Action, Adventure, Indie	Pixel Graphics, Adventure, Indie, Great Soundtrack, Metroidvania, Platformer, 2D, Story Rich, Action, Atmospheric, Fantasy, Puzzle-Platformer, Singleplayer, Retro, Action-Adventure, Flight, Funny, Cute, Open World, RPG	5357	84.6	NA	8	13	NA	D-Pad Studio	D-Pad Studio	01-Nov-2016	NA	OS: Windows 7\/8\/10\/VistaProcessor: Dual CoreMemory: 1 GB RAMGraphics: Pixelshader 3.0 enabled graphics card(DirectX 10 capable graphics card)DirectX: Version 9.0cStorage: 600 MB available space	NA
Portal 2	620	Action, Adventure	Platformer, Puzzle, Dark Humor, First-Person, Story Rich, Puzzle-Platformer, Funny, Female Protagonist, 3D Platformer, Action-Adventure, Action, FPS, Co-op, Physics, Level Editor, Sci-fi, Science, Atmospheric, Comedy, Adventure	325084	98.8	NA	9	21	NA	Valve	Valve	18-Apr-2011	NA	OS: Windows 7 \/ Vista \/ XPProcessor: 3.0 GHz P4, Dual Core 2.0 (or higher) or AMD64X2 (or higher)Memory: 2 GB RAMGraphics: Video card must be 128 MB or more and with support for Pixel Shader 2.0b (ATI Radeon X800 or higher \/ NVIDIA GeForce 7600 or higher \/ Intel HD Graphics 2000 or higher).DirectX: Version 9.0cStorage: 8 GB available spaceSound Card: DirectX 9.0c compatible	NA
Realm Royale - Test Server	878760		NA	0	NA	NA	NA	NA	NA			NA	NA	NA	NA
Resident Evil 3	952060	Action	Action, Zombies, Horror, Female Protagonist, Multiplayer, Survival Horror, Remake, Singleplayer, Third Person, Gore, Co-op, Third-Person Shooter, Violent, Story Rich, Atmospheric, Adventure, Classic, Sexual Content, Great Soundtrack, Difficult	63505	79	NA	6	20	NA	CAPCOM Co., Ltd.	CAPCOM Co., Ltd.	02-Apr-2020	NA	Requires a 64-bit processor and operating systemOS: WINDOWS® 10 (64-BIT Required)Processor: Intel® Core™ i5-4460 or AMD FX™-6300 or betterMemory: 8 GB RAMGraphics: NVIDIA® GeForce® GTX 960 or AMD Radeon™ RX 460DirectX: Version 12Network: Broadband Internet connectionStorage: 45 GB available spaceAdditional Notes: Anticipated performance at these specifications is 1080p\/30FPS for Resident Evil 3 and 720p\/30FPS for Resident Evil Resistance. If you don't have enough graphics memory to run the game at your selected texture quality, you must go to Options &gt; Graphics and lower the texture quality or shadow quality, or decrease the resolution. An internet connection is required for product activation. In addition, an internet connection is required at all times when playing Resident Evil Resistance. (Network connectivity uses Steam® developed by Valve® Corporation.) 	Requires a 64-bit processor and operating systemOS: WINDOWS® 10 (64-BIT Required)Processor: Intel® Core™ i7-3770 or AMD FX™-9590 or betterMemory: 8 GB RAMGraphics: NVIDIA® GeForce® GTX 1060 or AMD Radeon™ RX 480 with 3GB VRAMDirectX: Version 12Network: Broadband Internet connectionStorage: 45 GB available spaceAdditional Notes: Anticipated performance at these specifications is 1080p\/60FPS. An internet connection is required for product activation. In addition, an internet connection is required at all times when playing Resident Evil Resistance. (Network connectivity uses Steam® developed by Valve® Corporation.)
RESIDENT EVIL RESISTANCE	952070	Action	Action, Multiplayer, Zombies, Survival Horror, Gore, Online Co-Op, Horror, Co-op, Strategy	7138	39	NA	Sin registro de tiempo	Sin registro de tiempo	NA	CAPCOM Co., Ltd., NeoBards Entertainment Ltd.	CAPCOM Co., Ltd.	NA	NA	OS: WINDOWS® 7, 8.1, 10 (64-BIT Required)Processor: Intel® Core™ i5-4460 or AMD FX™-6300 or betterMemory: 8 GB RAMGraphics: NVIDIA® GeForce® GTX 760 or AMD Radeon™ R7 260x with 2GB Video RAMDirectX: Version 11Network: Broadband Internet connectionStorage: 45 GB available spaceAdditional Notes: Anticipated performance at these specifications is 1080p\/30FPS for Resident Evil 3 and 720p\/30FPS for Resident Evil Resistance. If you don't have enough graphics memory to run the game at your selected texture quality, you must go to Options &gt; Graphics and lower the texture quality or shadow quality, or decrease the resolution. An internet connection is required for product activation. In addition, an internet connection is required at all times when playing Resident Evil Resistance. (Network connectivity uses Steam® developed by Valve® Corporation.) 	OS: WINDOWS® 10 (64-BIT Required)Processor: Intel® Core™ i7-3770 or AMD FX™-9590 or betterMemory: 8 GB RAMGraphics: NVIDIA® GeForce® GTX 1060 or AMD Radeon™ RX 480 with 3GB VRAMDirectX: Version 12Network: Broadband Internet connectionStorage: 45 GB available spaceAdditional Notes: Anticipated performance at these specifications is 1080p\/60FPS. An internet connection is required for product activation. In addition, an internet connection is required at all times when playing Resident Evil Resistance. (Network connectivity uses Steam® developed by Valve® Corporation.)
Rust - Staging Branch	700580		NA	0	NA	NA	NA	NA	NA			NA	NA	NA	NA
Sid Meier's Civilization III: Complete	3910	Strategy	Strategy, Turn-Based Strategy, Turn-Based, Classic, 4X, Historical, Singleplayer, Multiplayer, Replay Value, Simulation, Military, Grand Strategy, Exploration, Addictive, City Builder, Old School, War, Isometric, Diplomacy, Alternate History	5939	89.2	NA	23	108	NA	Firaxis Games	2K	25-Oct-2006	NA		 Windows® 2000\/XP (only), Pentium® II 400 MHz, 128 MB RAM, 1.7 GB Free HDD space, Windows® 2000\/XP compatible video card*, Windows® 2000\/XP compatible sound card*, DirectX® version 9.0b (included) or higher\t\t\t\t\t* Indicates device should be compatible with DirectX® version 9.0b or higher.
SMITE - Public Test	858460		NA	0	NA	NA	3	15316	NA			NA	NA	NA	NA
Survarium	355840	Action, Free to Play, Massively Multiplayer, RPG, Early Access	Free to Play, Survival, Multiplayer, FPS, Post-apocalyptic, Shooter, Action, Open World, First-Person, PvP, Early Access, Co-op, Zombies, Atmospheric, Massively Multiplayer, Crafting, Adventure, RPG, Exploration, Singleplayer	25955	53.9	NA	Sin registro de tiempo	Sin registro de tiempo	NA	Vostok Games	Vostok Games	02-Apr-2015	X	Requires a 64-bit processor and operating systemOS: Windows 7 (Service Pack 1), Windows 8.1 (64 bit)Processor: Intel Core i3 \/ AMD Phenom II X4 \/ AMD FX \/ AMD RyzenMemory: 4 GB RAMGraphics: NVIDIA GeForce: GTX 650 \/ GT 1030 or Radeon R7 250XDirectX: Version 10Network: Broadband Internet connectionStorage: 16 GB available spaceAdditional Notes:  	Requires a 64-bit processor and operating systemOS: Windows 10 (64 bit)Processor: Intel Core i5 \/ AMD Phenom II X4 \/ AMD FX \/ AMD RyzenMemory: 6 GB RAMGraphics: NVIDIA GeForce: GTX 960 \/ GTX 1050Ti or AMD Radeon: R9 280X \/ RX 460DirectX: Version 11Network: Broadband Internet connectionStorage: 16 GB available spaceAdditional Notes: 
SYNTHETIK 2	1471410	Action, Indie, Early Access	Early Access, Action Roguelike, Top-Down Shooter, Rogue-lite, Twin Stick Shooter, PvE, Perma Death, Shooter, Tutorial, Rogue-like, Character Customization, 3D, Top-Down, Action, Gun Customization, Colorful, Sci-fi, Tactical, Class-Based, Moddable	1098	80.1	NA	4	0	NA	Flow Fire Games	Flow Fire Games	11-Nov-2021	NA	Requires a 64-bit processor and operating systemOS: Windows 10Processor: i3-6100Memory: 8 GB RAMGraphics: NVIDIA GTX 970DirectX: Version 11Storage: 9 GB available space 	Requires a 64-bit processor and operating systemOS: Windows 10Processor: i7 8700kMemory: 8 GB RAMGraphics: NVIDIA GTX 1660 Super, newer is betterDirectX: Version 11Storage: 9 GB available space
Tomb Raider	203160	Action, Adventure	Adventure, Action, Female Protagonist, Third Person, Singleplayer, Story Rich, Third-Person Shooter, Multiplayer, Exploration, Action-Adventure, Quick-Time Events, Atmospheric, Shooter, Puzzle, Stealth, Cinematic, Platformer, RPG, Reboot, 3D Vision	218749	96.2	NA	11	21	NA	Crystal Dynamics, Eidos-Montréal, Feral Interactive (Mac), Nixxes	Square Enix, Feral Interactive (Mac)	04-Mar-2013	NA	OS:Windows XP Service Pack 3, Windows Vista,7,8 (32bit\/64bit)\tProcessor:Dual core CPU: AMD Athlon64 X2 2.1 Ghz (4050+), Intel Core2 Duo 1.86 Ghz (E6300)\tMemory:1GB Memory (2GB on Vista)\tGraphics:DirectX 9 graphics card with 512Mb Video RAM: AMD Radeon HD 2600 XT, nVidia 8600\tDirectX®:9.0c\tHard Drive:12 GB HD space\tOther Requirements:Broadband Internet connection 	OS:Windows Vista, Windows 7 or Windows 8\tProcessor:Quad core CPU: AMD Phenom II X4 955, Intel Core i5-750\tMemory:4 GB RAM\tGraphics:DirectX 11 graphics card with 1GB Video RAM: AMD Radeon HD 5870, nVidia GTX 480\tDirectX®:11\tHard Drive:12 GB HD space\tOther Requirements:Broadband Internet connection
Total War: SHOGUN 2	34330	Strategy	Strategy, Historical, Turn-Based Strategy, RTS, Grand Strategy, Tactical, Singleplayer, Real Time Tactics, Multiplayer, Diplomacy, Ninja, Military, Turn-Based, Co-op, Great Soundtrack, Medieval, Turn-Based Tactics, Stylized, Moddable, Action	24952	90.7	NA	27	181	NA	CREATIVE ASSEMBLY, Feral Interactive (Mac), Feral Interactive (Linux)	SEGA, Feral Interactive (Mac), Feral Interactive (Linux)	15-Mar-2011	NA	\t\t\t\t\t\t\t\tOS: Windows 7 \/ Vista \/ XP\t\t\t\t\t\t\t\t\tProcessor: 2 GHz Intel Dual Core processor \/ 2.6 GHz Intel Single Core processor, or AMD equivalent (with SSE2)\t\t\t\t\t\t\t\t\tMemory: 1GB RAM (XP), 2GB RAM (Vista \/ Windows7) \t\t\t\t\t\t\t\t\tGraphics: 256 MB DirectX 9.0c compatible card (shader model 3)  \t\t\t\t\t\t\t\t\tDirectX®: DirectX 9.0c\t\t\t\t\t\t\t\t\tHard Drive: 32GB free hard disk space\t\t\t\t\t\t\t\t\tScreen Resolution: 1024x768 minimum\t\t\t\t\t\t\t\t 	\t\t\t\t\t\t\t\tOS: Windows 7 \/ Vista \/ XP\t\t\t\t\t\t\t\t\tProcessor: 2nd Generation Intel Core i5 processor (or greater), or AMD equivalent\t\t\t\t\t\t\t\t\tMemory: 2GB RAM (XP), 4GB RAM (Vista \/ Windows7) \t\t\t\t\t\t\t\t\tGraphics: AMD Radeon HD 5000 and 6000 series graphics card or equivalent DirectX 11 compatible card\t\t\t\t\t\t\t\t\tDirectX®: DirectX 9.0c\t\t\t\t\t\t\t\t\tHard Drive: 32GB free hard disk space\t\t\t\t\t\t\t\t\tScreen Resolution: 1280x1024 minimum\t\t\t\t\t\t\t\t
Uncanny Valley	359580	Action, Adventure, Indie	Adventure, Pixel Graphics, Indie, Horror, Psychological Horror, Action, Atmospheric, Survival Horror, Great Soundtrack, Action-Adventure, 2D, GameMaker	491	55.8	NA	2	4	NA	Cowardly Creations	Cowardly Creations	23-Apr-2015	NA	OS: Windows 7Processor: 2.5 GhzMemory: 2 GB RAMGraphics: Direct X9.0c Compatible CardDirectX: Version 9.0Storage: 200 MB available space	NA
War of the Roses Balance Beta	206980		NA	0	NA	NA	NA	NA	NA			NA	NA	NA	NA
